"Year Level","Qualification","Region","Academic Year","Typical Level Flag","Cumulative Year Attainment Rate","Current Year Attainment Rate","Cumulative Year Attainment","Current Year Attainment","Total Student Count","Cohort Warning"
"11","Level 1 Literacy","Auckland","2015","1","0.841","0.835","17138","17003","20374",""
"11","Level 1 Literacy","Auckland","2016","1","0.84","0.833","17105","16963","20359",""
"11","Level 1 Literacy","Auckland","2017","1","0.851","0.843","16696","16549","19628",""
"11","Level 1 Literacy","Auckland","2018","1","0.854","0.844","17031","16839","19949",""
"11","Level 1 Literacy","Auckland","2019","1","0.85","0.839","17140","16924","20162",""
"11","Level 1 Literacy","Auckland","2020","1","0.839","0.822","16958","16616","20215",""
"11","Level 1 Literacy","Auckland","2021","1","0.814","0.795","16699","16316","20526",""
"11","Level 1 Literacy","Auckland","2022","1","0.801","0.779","17250","16768","21537",""
"11","Level 1 Literacy","Auckland","2023","1","0.82","0.787","18797","18046","22920",""
"11","Level 1 Literacy","Auckland","2024","1","0.757","0.552","17602","12840","23264",""
"11","Level 1 Literacy","Bay of Plenty","2015","1","0.885","0.86","3618","3515","4089",""
"11","Level 1 Literacy","Bay of Plenty","2016","1","0.879","0.86","3563","3486","4053",""
"11","Level 1 Literacy","Bay of Plenty","2017","1","0.885","0.865","3531","3451","3990",""
"11","Level 1 Literacy","Bay of Plenty","2018","1","0.869","0.846","3416","3322","3929",""
"11","Level 1 Literacy","Bay of Plenty","2019","1","0.878","0.854","3542","3443","4033",""
"11","Level 1 Literacy","Bay of Plenty","2020","1","0.891","0.873","3701","3626","4152",""
"11","Level 1 Literacy","Bay of Plenty","2021","1","0.874","0.844","3702","3574","4234",""
"11","Level 1 Literacy","Bay of Plenty","2022","1","0.85","0.816","3717","3567","4371",""
"11","Level 1 Literacy","Bay of Plenty","2023","1","0.868","0.829","3882","3711","4474",""
"11","Level 1 Literacy","Bay of Plenty","2024","1","0.816","0.724","3716","3297","4552",""
"11","Level 1 Literacy","Canterbury","2015","1","0.907","0.902","6457","6426","7123",""
"11","Level 1 Literacy","Canterbury","2016","1","0.903","0.893","6407","6341","7099",""
"11","Level 1 Literacy","Canterbury","2017","1","0.907","0.901","6505","6461","7170",""
"11","Level 1 Literacy","Canterbury","2018","1","0.894","0.887","6348","6294","7097",""
"11","Level 1 Literacy","Canterbury","2019","1","0.897","0.889","6608","6545","7364",""
"11","Level 1 Literacy","Canterbury","2020","1","0.894","0.887","6532","6478","7305",""
"11","Level 1 Literacy","Canterbury","2021","1","0.891","0.883","6505","6447","7299",""
"11","Level 1 Literacy","Canterbury","2022","1","0.868","0.86","6796","6729","7827",""
"11","Level 1 Literacy","Canterbury","2023","1","0.868","0.837","7149","6893","8239",""
"11","Level 1 Literacy","Canterbury","2024","1","0.829","0.755","6910","6299","8340",""
"11","Level 1 Literacy","Gisborne","2015","1","0.876","0.862","560","551","639",""
"11","Level 1 Literacy","Gisborne","2016","1","0.824","0.807","573","561","695",""
"11","Level 1 Literacy","Gisborne","2017","1","0.835","0.799","594","568","711",""
"11","Level 1 Literacy","Gisborne","2018","1","0.834","0.796","588","561","705",""
"11","Level 1 Literacy","Gisborne","2019","1","0.827","0.799","559","540","676",""
"11","Level 1 Literacy","Gisborne","2020","1","0.817","0.805","541","533","662",""
"11","Level 1 Literacy","Gisborne","2021","1","0.813","0.782","579","557","712",""
"11","Level 1 Literacy","Gisborne","2022","1","0.795","0.76","543","519","683",""
"11","Level 1 Literacy","Gisborne","2023","1","0.794","0.76","560","536","705",""
"11","Level 1 Literacy","Gisborne","2024","1","0.719","0.645","513","460","713",""
"11","Level 1 Literacy","Hawke's Bay","2015","1","0.903","0.891","2096","2067","2321",""
"11","Level 1 Literacy","Hawke's Bay","2016","1","0.89","0.877","2088","2057","2345",""
"11","Level 1 Literacy","Hawke's Bay","2017","1","0.902","0.874","2149","2082","2382",""
"11","Level 1 Literacy","Hawke's Bay","2018","1","0.888","0.871","1944","1906","2189",""
"11","Level 1 Literacy","Hawke's Bay","2019","1","0.89","0.879","2031","2007","2283",""
"11","Level 1 Literacy","Hawke's Bay","2020","1","0.882","0.872","2044","2021","2318",""
"11","Level 1 Literacy","Hawke's Bay","2021","1","0.879","0.86","1931","1890","2197",""
"11","Level 1 Literacy","Hawke's Bay","2022","1","0.883","0.855","2104","2038","2383",""
"11","Level 1 Literacy","Hawke's Bay","2023","1","0.877","0.846","2152","2077","2454",""
"11","Level 1 Literacy","Hawke's Bay","2024","1","0.832","0.727","1966","1717","2362",""
"11","Level 1 Literacy","Manawatu-Whanganui","2015","1","0.886","0.87","2681","2633","3026",""
"11","Level 1 Literacy","Manawatu-Whanganui","2016","1","0.885","0.871","2774","2730","3134",""
"11","Level 1 Literacy","Manawatu-Whanganui","2017","1","0.892","0.873","2679","2621","3002",""
"11","Level 1 Literacy","Manawatu-Whanganui","2018","1","0.863","0.844","2523","2469","2924",""
"11","Level 1 Literacy","Manawatu-Whanganui","2019","1","0.836","0.816","2625","2561","3139",""
"11","Level 1 Literacy","Manawatu-Whanganui","2020","1","0.84","0.83","2480","2453","2954",""
"11","Level 1 Literacy","Manawatu-Whanganui","2021","1","0.84","0.828","2647","2608","3151",""
"11","Level 1 Literacy","Manawatu-Whanganui","2022","1","0.818","0.8","2510","2455","3069",""
"11","Level 1 Literacy","Manawatu-Whanganui","2023","1","0.827","0.806","2816","2745","3406",""
"11","Level 1 Literacy","Manawatu-Whanganui","2024","1","0.748","0.648","2520","2183","3367",""
"11","Level 1 Literacy","Marlborough","2015","1","0.881","0.875","437","434","496",""
"11","Level 1 Literacy","Marlborough","2016","1","0.869","0.865","406","404","467",""
"11","Level 1 Literacy","Marlborough","2017","1","0.868","0.864","382","380","440",""
"11","Level 1 Literacy","Marlborough","2018","1","0.886","0.875","426","421","481",""
"11","Level 1 Literacy","Marlborough","2019","1","0.848","0.842","428","425","505",""
"11","Level 1 Literacy","Marlborough","2020","1","0.874","0.868","390","387","446",""
"11","Level 1 Literacy","Marlborough","2021","1","0.869","0.86","452","447","520",""
"11","Level 1 Literacy","Marlborough","2022","1","0.834","0.827","391","388","469",""
"11","Level 1 Literacy","Marlborough","2023","1","0.85","0.831","454","444","534",""
"11","Level 1 Literacy","Marlborough","2024","1","0.75","0.72","424","407","565",""
"11","Level 1 Literacy","Nelson","2015","1","0.936","0.928","784","778","838",""
"11","Level 1 Literacy","Nelson","2016","1","0.9","0.894","733","728","814",""
"11","Level 1 Literacy","Nelson","2017","1","0.926","0.914","687","678","742",""
"11","Level 1 Literacy","Nelson","2018","1","0.927","0.924","695","693","750",""
"11","Level 1 Literacy","Nelson","2019","1","0.901","0.893","699","693","776",""
"11","Level 1 Literacy","Nelson","2020","1","0.881","0.874","697","691","791",""
"11","Level 1 Literacy","Nelson","2021","1","0.905","0.896","711","704","786",""
"11","Level 1 Literacy","Nelson","2022","1","0.869","0.859","665","657","765",""
"11","Level 1 Literacy","Nelson","2023","1","0.879","0.871","758","751","862",""
"11","Level 1 Literacy","Nelson","2024","1","0.828","0.797","695","669","839",""
"11","Level 1 Literacy","Northland","2015","1","0.831","0.815","1917","1881","2307",""
"11","Level 1 Literacy","Northland","2016","1","0.845","0.828","1935","1895","2290",""
"11","Level 1 Literacy","Northland","2017","1","0.834","0.82","1770","1741","2122",""
"11","Level 1 Literacy","Northland","2018","1","0.836","0.825","1806","1782","2161",""
"11","Level 1 Literacy","Northland","2019","1","0.829","0.809","1813","1770","2187",""
"11","Level 1 Literacy","Northland","2020","1","0.823","0.807","1701","1668","2068",""
"11","Level 1 Literacy","Northland","2021","1","0.814","0.799","1803","1770","2214",""
"11","Level 1 Literacy","Northland","2022","1","0.798","0.771","1936","1869","2425",""
"11","Level 1 Literacy","Northland","2023","1","0.781","0.731","1846","1728","2364",""
"11","Level 1 Literacy","Northland","2024","1","0.763","0.637","1907","1592","2499",""
"11","Level 1 Literacy","Otago","2015","1","0.926","0.921","2253","2242","2433",""
"11","Level 1 Literacy","Otago","2016","1","0.932","0.928","2352","2342","2524",""
"11","Level 1 Literacy","Otago","2017","1","0.939","0.929","2263","2240","2411",""
"11","Level 1 Literacy","Otago","2018","1","0.922","0.92","2246","2240","2435",""
"11","Level 1 Literacy","Otago","2019","1","0.929","0.924","2273","2261","2447",""
"11","Level 1 Literacy","Otago","2020","1","0.921","0.917","2331","2322","2532",""
"11","Level 1 Literacy","Otago","2021","1","0.917","0.911","2258","2244","2463",""
"11","Level 1 Literacy","Otago","2022","1","0.901","0.892","2370","2347","2631",""
"11","Level 1 Literacy","Otago","2023","1","0.91","0.887","2484","2423","2731",""
"11","Level 1 Literacy","Otago","2024","1","0.88","0.823","2461","2302","2797",""
"11","Level 1 Literacy","Other","2015","1","0.351","0.329","445","417","1269",""
"11","Level 1 Literacy","Other","2016","1","0.32","0.294","404","371","1263",""
"11","Level 1 Literacy","Other","2017","1","0.307","0.287","335","313","1091",""
"11","Level 1 Literacy","Other","2018","1","0.277","0.254","339","311","1223",""
"11","Level 1 Literacy","Other","2019","1","0.255","0.243","390","372","1531",""
"11","Level 1 Literacy","Other","2020","1","0.21","0.192","322","294","1531",""
"11","Level 1 Literacy","Other","2021","1","0.203","0.187","366","338","1806",""
"11","Level 1 Literacy","Other","2022","1","0.205","0.179","454","397","2218",""
"11","Level 1 Literacy","Other","2023","1","0.277","0.241","682","593","2460",""
"11","Level 1 Literacy","Other","2024","1","0.224","0.147","642","420","2860",""
"11","Level 1 Literacy","Southland","2015","1","0.884","0.876","1086","1077","1229",""
"11","Level 1 Literacy","Southland","2016","1","0.908","0.893","1140","1122","1256",""
"11","Level 1 Literacy","Southland","2017","1","0.91","0.903","1116","1108","1227",""
"11","Level 1 Literacy","Southland","2018","1","0.921","0.918","1064","1060","1155",""
"11","Level 1 Literacy","Southland","2019","1","0.878","0.869","1096","1084","1248",""
"11","Level 1 Literacy","Southland","2020","1","0.893","0.888","1146","1139","1283",""
"11","Level 1 Literacy","Southland","2021","1","0.886","0.882","1124","1119","1268",""
"11","Level 1 Literacy","Southland","2022","1","0.869","0.862","1097","1088","1262",""
"11","Level 1 Literacy","Southland","2023","1","0.863","0.855","1152","1141","1335",""
"11","Level 1 Literacy","Southland","2024","1","0.783","0.578","1070","789","1366",""
"11","Level 1 Literacy","Taranaki","2015","1","0.886","0.853","1399","1347","1579",""
"11","Level 1 Literacy","Taranaki","2016","1","0.904","0.879","1372","1335","1518",""
"11","Level 1 Literacy","Taranaki","2017","1","0.909","0.883","1362","1324","1499",""
"11","Level 1 Literacy","Taranaki","2018","1","0.906","0.878","1354","1313","1495",""
"11","Level 1 Literacy","Taranaki","2019","1","0.897","0.87","1305","1266","1455",""
"11","Level 1 Literacy","Taranaki","2020","1","0.893","0.872","1316","1286","1474",""
"11","Level 1 Literacy","Taranaki","2021","1","0.846","0.824","1330","1296","1572",""
"11","Level 1 Literacy","Taranaki","2022","1","0.854","0.823","1418","1367","1661",""
"11","Level 1 Literacy","Taranaki","2023","1","0.889","0.865","1517","1475","1706",""
"11","Level 1 Literacy","Taranaki","2024","1","0.822","0.771","1508","1415","1835",""
"11","Level 1 Literacy","Tasman","2015","1","0.908","0.903","503","500","554",""
"11","Level 1 Literacy","Tasman","2016","1","0.925","0.923","482","481","521",""
"11","Level 1 Literacy","Tasman","2017","1","0.918","0.914","514","512","560",""
"11","Level 1 Literacy","Tasman","2018","1","0.912","0.909","500","498","548",""
"11","Level 1 Literacy","Tasman","2019","1","0.889","0.885","518","516","583",""
"11","Level 1 Literacy","Tasman","2020","1","0.929","0.92","546","541","588",""
"11","Level 1 Literacy","Tasman","2021","1","0.891","0.886","507","504","569",""
"11","Level 1 Literacy","Tasman","2022","1","0.874","0.859","525","516","601",""
"11","Level 1 Literacy","Tasman","2023","1","0.862","0.845","499","489","579",""
"11","Level 1 Literacy","Tasman","2024","1","0.767","0.707","471","434","614",""
"11","Level 1 Literacy","Waikato","2015","1","0.861","0.836","5091","4945","5913",""
"11","Level 1 Literacy","Waikato","2016","1","0.877","0.857","5287","5170","6030",""
"11","Level 1 Literacy","Waikato","2017","1","0.879","0.862","5151","5050","5859",""
"11","Level 1 Literacy","Waikato","2018","1","0.86","0.843","5131","5026","5965",""
"11","Level 1 Literacy","Waikato","2019","1","0.858","0.843","5165","5072","6020",""
"11","Level 1 Literacy","Waikato","2020","1","0.864","0.847","5346","5240","6185",""
"11","Level 1 Literacy","Waikato","2021","1","0.86","0.836","5461","5312","6352",""
"11","Level 1 Literacy","Waikato","2022","1","0.832","0.802","5403","5205","6494",""
"11","Level 1 Literacy","Waikato","2023","1","0.84","0.819","5838","5697","6954",""
"11","Level 1 Literacy","Waikato","2024","1","0.779","0.638","5514","4516","7074",""
"11","Level 1 Literacy","Wellington","2015","1","0.92","0.913","5720","5675","6216",""
"11","Level 1 Literacy","Wellington","2016","1","0.928","0.92","5753","5703","6200",""
"11","Level 1 Literacy","Wellington","2017","1","0.92","0.913","5638","5594","6126",""
"11","Level 1 Literacy","Wellington","2018","1","0.914","0.905","5548","5493","6067",""
"11","Level 1 Literacy","Wellington","2019","1","0.91","0.902","5708","5658","6274",""
"11","Level 1 Literacy","Wellington","2020","1","0.909","0.899","5641","5584","6208",""
"11","Level 1 Literacy","Wellington","2021","1","0.908","0.898","5663","5598","6236",""
"11","Level 1 Literacy","Wellington","2022","1","0.89","0.879","5791","5720","6504",""
"11","Level 1 Literacy","Wellington","2023","1","0.907","0.888","6017","5893","6633",""
"11","Level 1 Literacy","Wellington","2024","1","0.821","0.618","5530","4162","6733",""
"11","Level 1 Literacy","West Coast","2015","1","0.881","0.868","281","277","319",""
"11","Level 1 Literacy","West Coast","2016","1","0.882","0.848","330","317","374",""
"11","Level 1 Literacy","West Coast","2017","1","0.861","0.846","290","285","337",""
"11","Level 1 Literacy","West Coast","2018","1","0.796","0.781","254","249","319",""
"11","Level 1 Literacy","West Coast","2019","1","0.836","0.836","250","250","299",""
"11","Level 1 Literacy","West Coast","2020","1","0.835","0.793","279","265","334",""
"11","Level 1 Literacy","West Coast","2021","1","0.854","0.823","304","293","356",""
"11","Level 1 Literacy","West Coast","2022","1","0.834","0.821","266","262","319",""
"11","Level 1 Literacy","West Coast","2023","1","0.835","0.819","304","298","364",""
"11","Level 1 Literacy","West Coast","2024","1","0.798","0.742","288","268","361",""
"11","Level 1 Numeracy","Auckland","2015","1","0.818","0.811","16657","16519","20374",""
"11","Level 1 Numeracy","Auckland","2016","1","0.819","0.814","16680","16568","20359",""
"11","Level 1 Numeracy","Auckland","2017","1","0.828","0.821","16244","16110","19628",""
"11","Level 1 Numeracy","Auckland","2018","1","0.83","0.822","16558","16397","19949",""
"11","Level 1 Numeracy","Auckland","2019","1","0.822","0.815","16576","16438","20162",""
"11","Level 1 Numeracy","Auckland","2020","1","0.832","0.824","16820","16652","20215",""
"11","Level 1 Numeracy","Auckland","2021","1","0.816","0.805","16753","16515","20526",""
"11","Level 1 Numeracy","Auckland","2022","1","0.812","0.798","17495","17194","21537",""
"11","Level 1 Numeracy","Auckland","2023","1","0.831","0.763","19045","17490","22920",""
"11","Level 1 Numeracy","Auckland","2024","1","0.755","0.49","17563","11393","23264",""
"11","Level 1 Numeracy","Bay of Plenty","2015","1","0.864","0.845","3532","3456","4089",""
"11","Level 1 Numeracy","Bay of Plenty","2016","1","0.866","0.855","3508","3464","4053",""
"11","Level 1 Numeracy","Bay of Plenty","2017","1","0.871","0.858","3476","3424","3990",""
"11","Level 1 Numeracy","Bay of Plenty","2018","1","0.85","0.831","3339","3265","3929",""
"11","Level 1 Numeracy","Bay of Plenty","2019","1","0.863","0.846","3482","3412","4033",""
"11","Level 1 Numeracy","Bay of Plenty","2020","1","0.869","0.859","3608","3566","4152",""
"11","Level 1 Numeracy","Bay of Plenty","2021","1","0.855","0.833","3619","3528","4234",""
"11","Level 1 Numeracy","Bay of Plenty","2022","1","0.823","0.796","3598","3479","4371",""
"11","Level 1 Numeracy","Bay of Plenty","2023","1","0.854","0.816","3819","3651","4474",""
"11","Level 1 Numeracy","Bay of Plenty","2024","1","0.802","0.643","3649","2929","4552",""
"11","Level 1 Numeracy","Canterbury","2015","1","0.897","0.894","6392","6365","7123",""
"11","Level 1 Numeracy","Canterbury","2016","1","0.898","0.889","6373","6314","7099",""
"11","Level 1 Numeracy","Canterbury","2017","1","0.898","0.893","6442","6402","7170",""
"11","Level 1 Numeracy","Canterbury","2018","1","0.883","0.877","6267","6224","7097",""
"11","Level 1 Numeracy","Canterbury","2019","1","0.88","0.873","6483","6429","7364",""
"11","Level 1 Numeracy","Canterbury","2020","1","0.888","0.882","6487","6446","7305",""
"11","Level 1 Numeracy","Canterbury","2021","1","0.877","0.871","6403","6355","7299",""
"11","Level 1 Numeracy","Canterbury","2022","1","0.856","0.845","6703","6614","7827",""
"11","Level 1 Numeracy","Canterbury","2023","1","0.861","0.809","7095","6663","8239",""
"11","Level 1 Numeracy","Canterbury","2024","1","0.804","0.682","6705","5685","8340",""
"11","Level 1 Numeracy","Gisborne","2015","1","0.837","0.831","535","531","639",""
"11","Level 1 Numeracy","Gisborne","2016","1","0.78","0.77","542","535","695",""
"11","Level 1 Numeracy","Gisborne","2017","1","0.775","0.761","551","541","711",""
"11","Level 1 Numeracy","Gisborne","2018","1","0.786","0.769","554","542","705",""
"11","Level 1 Numeracy","Gisborne","2019","1","0.743","0.726","502","491","676",""
"11","Level 1 Numeracy","Gisborne","2020","1","0.785","0.773","520","512","662",""
"11","Level 1 Numeracy","Gisborne","2021","1","0.791","0.774","563","551","712",""
"11","Level 1 Numeracy","Gisborne","2022","1","0.728","0.717","497","490","683",""
"11","Level 1 Numeracy","Gisborne","2023","1","0.743","0.716","524","505","705",""
"11","Level 1 Numeracy","Gisborne","2024","1","0.698","0.628","498","448","713",""
"11","Level 1 Numeracy","Hawke's Bay","2015","1","0.882","0.875","2048","2031","2321",""
"11","Level 1 Numeracy","Hawke's Bay","2016","1","0.886","0.875","2077","2053","2345",""
"11","Level 1 Numeracy","Hawke's Bay","2017","1","0.888","0.862","2115","2054","2382",""
"11","Level 1 Numeracy","Hawke's Bay","2018","1","0.869","0.858","1903","1879","2189",""
"11","Level 1 Numeracy","Hawke's Bay","2019","1","0.873","0.863","1992","1971","2283",""
"11","Level 1 Numeracy","Hawke's Bay","2020","1","0.856","0.849","1985","1969","2318",""
"11","Level 1 Numeracy","Hawke's Bay","2021","1","0.857","0.84","1883","1845","2197",""
"11","Level 1 Numeracy","Hawke's Bay","2022","1","0.846","0.825","2015","1967","2383",""
"11","Level 1 Numeracy","Hawke's Bay","2023","1","0.862","0.83","2116","2037","2454",""
"11","Level 1 Numeracy","Hawke's Bay","2024","1","0.759","0.657","1793","1553","2362",""
"11","Level 1 Numeracy","Manawatu-Whanganui","2015","1","0.883","0.868","2673","2627","3026",""
"11","Level 1 Numeracy","Manawatu-Whanganui","2016","1","0.877","0.867","2749","2718","3134",""
"11","Level 1 Numeracy","Manawatu-Whanganui","2017","1","0.889","0.875","2668","2628","3002",""
"11","Level 1 Numeracy","Manawatu-Whanganui","2018","1","0.862","0.846","2521","2474","2924",""
"11","Level 1 Numeracy","Manawatu-Whanganui","2019","1","0.816","0.802","2560","2518","3139",""
"11","Level 1 Numeracy","Manawatu-Whanganui","2020","1","0.846","0.839","2500","2479","2954",""
"11","Level 1 Numeracy","Manawatu-Whanganui","2021","1","0.841","0.832","2651","2623","3151",""
"11","Level 1 Numeracy","Manawatu-Whanganui","2022","1","0.807","0.795","2477","2441","3069",""
"11","Level 1 Numeracy","Manawatu-Whanganui","2023","1","0.836","0.814","2848","2772","3406",""
"11","Level 1 Numeracy","Manawatu-Whanganui","2024","1","0.732","0.521","2463","1755","3367",""
"11","Level 1 Numeracy","Marlborough","2015","1","0.861","0.855","427","424","496",""
"11","Level 1 Numeracy","Marlborough","2016","1","0.852","0.85","398","397","467",""
"11","Level 1 Numeracy","Marlborough","2017","1","0.859","0.855","378","376","440",""
"11","Level 1 Numeracy","Marlborough","2018","1","0.827","0.817","398","393","481",""
"11","Level 1 Numeracy","Marlborough","2019","1","0.828","0.824","418","416","505",""
"11","Level 1 Numeracy","Marlborough","2020","1","0.8","0.796","357","355","446",""
"11","Level 1 Numeracy","Marlborough","2021","1","0.85","0.844","442","439","520",""
"11","Level 1 Numeracy","Marlborough","2022","1","0.814","0.808","382","379","469",""
"11","Level 1 Numeracy","Marlborough","2023","1","0.813","0.798","434","426","534",""
"11","Level 1 Numeracy","Marlborough","2024","1","0.715","0.66","404","373","565",""
"11","Level 1 Numeracy","Nelson","2015","1","0.888","0.884","744","741","838",""
"11","Level 1 Numeracy","Nelson","2016","1","0.871","0.867","709","706","814",""
"11","Level 1 Numeracy","Nelson","2017","1","0.904","0.896","671","665","742",""
"11","Level 1 Numeracy","Nelson","2018","1","0.909","0.907","682","680","750",""
"11","Level 1 Numeracy","Nelson","2019","1","0.885","0.879","687","682","776",""
"11","Level 1 Numeracy","Nelson","2020","1","0.871","0.862","689","682","791",""
"11","Level 1 Numeracy","Nelson","2021","1","0.882","0.878","693","690","786",""
"11","Level 1 Numeracy","Nelson","2022","1","0.856","0.846","655","647","765",""
"11","Level 1 Numeracy","Nelson","2023","1","0.877","0.843","756","727","862",""
"11","Level 1 Numeracy","Nelson","2024","1","0.795","0.74","667","621","839",""
"11","Level 1 Numeracy","Northland","2015","1","0.807","0.793","1862","1829","2307",""
"11","Level 1 Numeracy","Northland","2016","1","0.833","0.822","1908","1883","2290",""
"11","Level 1 Numeracy","Northland","2017","1","0.819","0.812","1738","1724","2122",""
"11","Level 1 Numeracy","Northland","2018","1","0.81","0.801","1751","1732","2161",""
"11","Level 1 Numeracy","Northland","2019","1","0.811","0.8","1773","1750","2187",""
"11","Level 1 Numeracy","Northland","2020","1","0.795","0.78","1644","1613","2068",""
"11","Level 1 Numeracy","Northland","2021","1","0.783","0.773","1733","1712","2214",""
"11","Level 1 Numeracy","Northland","2022","1","0.785","0.764","1904","1853","2425",""
"11","Level 1 Numeracy","Northland","2023","1","0.787","0.714","1861","1688","2364",""
"11","Level 1 Numeracy","Northland","2024","1","0.707","0.572","1766","1430","2499",""
"11","Level 1 Numeracy","Otago","2015","1","0.922","0.916","2244","2229","2433",""
"11","Level 1 Numeracy","Otago","2016","1","0.925","0.921","2335","2324","2524",""
"11","Level 1 Numeracy","Otago","2017","1","0.929","0.919","2241","2216","2411",""
"11","Level 1 Numeracy","Otago","2018","1","0.915","0.913","2227","2222","2435",""
"11","Level 1 Numeracy","Otago","2019","1","0.92","0.915","2251","2238","2447",""
"11","Level 1 Numeracy","Otago","2020","1","0.905","0.901","2291","2281","2532",""
"11","Level 1 Numeracy","Otago","2021","1","0.899","0.894","2215","2201","2463",""
"11","Level 1 Numeracy","Otago","2022","1","0.904","0.893","2379","2350","2631",""
"11","Level 1 Numeracy","Otago","2023","1","0.906","0.872","2475","2382","2731",""
"11","Level 1 Numeracy","Otago","2024","1","0.853","0.767","2385","2145","2797",""
"11","Level 1 Numeracy","Other","2015","1","0.307","0.29","389","368","1269",""
"11","Level 1 Numeracy","Other","2016","1","0.283","0.262","357","331","1263",""
"11","Level 1 Numeracy","Other","2017","1","0.264","0.251","288","274","1091",""
"11","Level 1 Numeracy","Other","2018","1","0.235","0.222","287","271","1223",""
"11","Level 1 Numeracy","Other","2019","1","0.218","0.21","333","321","1531",""
"11","Level 1 Numeracy","Other","2020","1","0.175","0.163","268","249","1531",""
"11","Level 1 Numeracy","Other","2021","1","0.18","0.168","325","304","1806",""
"11","Level 1 Numeracy","Other","2022","1","0.188","0.17","418","378","2218",""
"11","Level 1 Numeracy","Other","2023","1","0.26","0.217","639","533","2460",""
"11","Level 1 Numeracy","Other","2024","1","0.224","0.128","640","366","2860",""
"11","Level 1 Numeracy","Southland","2015","1","0.876","0.869","1076","1068","1229",""
"11","Level 1 Numeracy","Southland","2016","1","0.912","0.897","1146","1127","1256",""
"11","Level 1 Numeracy","Southland","2017","1","0.911","0.905","1118","1111","1227",""
"11","Level 1 Numeracy","Southland","2018","1","0.913","0.91","1055","1051","1155",""
"11","Level 1 Numeracy","Southland","2019","1","0.888","0.878","1108","1096","1248",""
"11","Level 1 Numeracy","Southland","2020","1","0.889","0.886","1140","1137","1283",""
"11","Level 1 Numeracy","Southland","2021","1","0.876","0.875","1111","1109","1268",""
"11","Level 1 Numeracy","Southland","2022","1","0.881","0.873","1112","1102","1262",""
"11","Level 1 Numeracy","Southland","2023","1","0.863","0.856","1152","1143","1335",""
"11","Level 1 Numeracy","Southland","2024","1","0.758","0.524","1036","716","1366",""
"11","Level 1 Numeracy","Taranaki","2015","1","0.87","0.842","1374","1329","1579",""
"11","Level 1 Numeracy","Taranaki","2016","1","0.893","0.871","1355","1322","1518",""
"11","Level 1 Numeracy","Taranaki","2017","1","0.892","0.869","1337","1303","1499",""
"11","Level 1 Numeracy","Taranaki","2018","1","0.896","0.871","1339","1302","1495",""
"11","Level 1 Numeracy","Taranaki","2019","1","0.887","0.86","1290","1251","1455",""
"11","Level 1 Numeracy","Taranaki","2020","1","0.898","0.877","1323","1292","1474",""
"11","Level 1 Numeracy","Taranaki","2021","1","0.849","0.823","1334","1294","1572",""
"11","Level 1 Numeracy","Taranaki","2022","1","0.852","0.819","1415","1360","1661",""
"11","Level 1 Numeracy","Taranaki","2023","1","0.888","0.856","1515","1461","1706",""
"11","Level 1 Numeracy","Taranaki","2024","1","0.829","0.769","1522","1411","1835",""
"11","Level 1 Numeracy","Tasman","2015","1","0.897","0.892","497","494","554",""
"11","Level 1 Numeracy","Tasman","2016","1","0.908","0.906","473","472","521",""
"11","Level 1 Numeracy","Tasman","2017","1","0.895","0.891","501","499","560",""
"11","Level 1 Numeracy","Tasman","2018","1","0.905","0.903","496","495","548",""
"11","Level 1 Numeracy","Tasman","2019","1","0.878","0.873","512","509","583",""
"11","Level 1 Numeracy","Tasman","2020","1","0.891","0.888","524","522","588",""
"11","Level 1 Numeracy","Tasman","2021","1","0.884","0.877","503","499","569",""
"11","Level 1 Numeracy","Tasman","2022","1","0.837","0.824","503","495","601",""
"11","Level 1 Numeracy","Tasman","2023","1","0.843","0.815","488","472","579",""
"11","Level 1 Numeracy","Tasman","2024","1","0.739","0.65","454","399","614",""
"11","Level 1 Numeracy","Waikato","2015","1","0.85","0.833","5028","4928","5913",""
"11","Level 1 Numeracy","Waikato","2016","1","0.865","0.85","5216","5128","6030",""
"11","Level 1 Numeracy","Waikato","2017","1","0.861","0.85","5045","4978","5859",""
"11","Level 1 Numeracy","Waikato","2018","1","0.84","0.827","5011","4931","5965",""
"11","Level 1 Numeracy","Waikato","2019","1","0.841","0.831","5062","5001","6020",""
"11","Level 1 Numeracy","Waikato","2020","1","0.827","0.813","5113","5031","6185",""
"11","Level 1 Numeracy","Waikato","2021","1","0.837","0.822","5316","5220","6352",""
"11","Level 1 Numeracy","Waikato","2022","1","0.813","0.791","5278","5139","6494",""
"11","Level 1 Numeracy","Waikato","2023","1","0.812","0.788","5646","5482","6954",""
"11","Level 1 Numeracy","Waikato","2024","1","0.737","0.549","5217","3884","7074",""
"11","Level 1 Numeracy","Wellington","2015","1","0.905","0.901","5626","5599","6216",""
"11","Level 1 Numeracy","Wellington","2016","1","0.917","0.911","5688","5649","6200",""
"11","Level 1 Numeracy","Wellington","2017","1","0.915","0.911","5608","5580","6126",""
"11","Level 1 Numeracy","Wellington","2018","1","0.9","0.892","5458","5413","6067",""
"11","Level 1 Numeracy","Wellington","2019","1","0.894","0.887","5606","5563","6274",""
"11","Level 1 Numeracy","Wellington","2020","1","0.888","0.881","5512","5470","6208",""
"11","Level 1 Numeracy","Wellington","2021","1","0.882","0.874","5502","5450","6236",""
"11","Level 1 Numeracy","Wellington","2022","1","0.864","0.854","5619","5554","6504",""
"11","Level 1 Numeracy","Wellington","2023","1","0.886","0.863","5879","5724","6633",""
"11","Level 1 Numeracy","Wellington","2024","1","0.803","0.575","5407","3873","6733",""
"11","Level 1 Numeracy","West Coast","2015","1","0.875","0.859","279","274","319",""
"11","Level 1 Numeracy","West Coast","2016","1","0.85","0.818","318","306","374",""
"11","Level 1 Numeracy","West Coast","2017","1","0.849","0.831","286","280","337",""
"11","Level 1 Numeracy","West Coast","2018","1","0.84","0.824","268","263","319",""
"11","Level 1 Numeracy","West Coast","2019","1","0.799","0.799","239","239","299",""
"11","Level 1 Numeracy","West Coast","2020","1","0.829","0.787","277","263","334",""
"11","Level 1 Numeracy","West Coast","2021","1","0.817","0.792","291","282","356",""
"11","Level 1 Numeracy","West Coast","2022","1","0.793","0.781","253","249","319",""
"11","Level 1 Numeracy","West Coast","2023","1","0.819","0.799","298","291","364",""
"11","Level 1 Numeracy","West Coast","2024","1","0.778","0.706","281","255","361",""
"12","Level 1 Literacy","Auckland","2015","0","0.892","0.133","16704","2491","18722",""
"12","Level 1 Literacy","Auckland","2016","0","0.896","0.129","17332","2490","19335",""
"12","Level 1 Literacy","Auckland","2017","0","0.898","0.126","17326","2423","19296",""
"12","Level 1 Literacy","Auckland","2018","0","0.911","0.126","16862","2341","18508",""
"12","Level 1 Literacy","Auckland","2019","0","0.916","0.142","17196","2658","18779",""
"12","Level 1 Literacy","Auckland","2020","0","0.915","0.144","17303","2719","18909",""
"12","Level 1 Literacy","Auckland","2021","0","0.913","0.149","17510","2865","19178",""
"12","Level 1 Literacy","Auckland","2022","0","0.902","0.173","17484","3349","19373",""
"12","Level 1 Literacy","Auckland","2023","0","0.898","0.225","18373","4592","20453",""
"12","Level 1 Literacy","Auckland","2024","0","0.877","0.237","19135","5164","21814",""
"12","Level 1 Literacy","Bay of Plenty","2015","0","0.958","0.123","3349","430","3497",""
"12","Level 1 Literacy","Bay of Plenty","2016","0","0.962","0.106","3487","383","3624",""
"12","Level 1 Literacy","Bay of Plenty","2017","0","0.96","0.093","3441","333","3586",""
"12","Level 1 Literacy","Bay of Plenty","2018","0","0.965","0.101","3414","357","3539",""
"12","Level 1 Literacy","Bay of Plenty","2019","0","0.962","0.095","3265","324","3395",""
"12","Level 1 Literacy","Bay of Plenty","2020","0","0.958","0.099","3397","352","3546",""
"12","Level 1 Literacy","Bay of Plenty","2021","0","0.956","0.071","3568","265","3731",""
"12","Level 1 Literacy","Bay of Plenty","2022","0","0.96","0.063","3402","224","3545",""
"12","Level 1 Literacy","Bay of Plenty","2023","0","0.952","0.09","3515","332","3691",""
"12","Level 1 Literacy","Bay of Plenty","2024","0","0.944","0.074","3652","286","3867",""
"12","Level 1 Literacy","Canterbury","2015","0","0.952","0.096","6058","608","6365",""
"12","Level 1 Literacy","Canterbury","2016","0","0.959","0.093","6447","626","6721",""
"12","Level 1 Literacy","Canterbury","2017","0","0.96","0.09","6401","602","6665",""
"12","Level 1 Literacy","Canterbury","2018","0","0.955","0.1","6509","680","6817",""
"12","Level 1 Literacy","Canterbury","2019","0","0.951","0.109","6288","724","6615",""
"12","Level 1 Literacy","Canterbury","2020","0","0.958","0.106","6507","721","6793",""
"12","Level 1 Literacy","Canterbury","2021","0","0.953","0.122","6553","841","6874",""
"12","Level 1 Literacy","Canterbury","2022","0","0.945","0.119","6409","804","6781",""
"12","Level 1 Literacy","Canterbury","2023","0","0.944","0.169","6836","1221","7243",""
"12","Level 1 Literacy","Canterbury","2024","0","0.926","0.177","7036","1348","7598",""
"12","Level 1 Literacy","Gisborne","2015","0","0.947","0.157","575","95","607",""
"12","Level 1 Literacy","Gisborne","2016","0","0.945","0.124","549","72","581",""
"12","Level 1 Literacy","Gisborne","2017","0","0.943","0.115","581","71","616",""
"12","Level 1 Literacy","Gisborne","2018","0","0.952","0.127","556","74","584",""
"12","Level 1 Literacy","Gisborne","2019","0","0.956","0.145","542","82","567",""
"12","Level 1 Literacy","Gisborne","2020","0","0.953","0.181","543","103","570",""
"12","Level 1 Literacy","Gisborne","2021","0","0.914","0.097","518","55","567",""
"12","Level 1 Literacy","Gisborne","2022","0","0.918","0.155","550","93","599",""
"12","Level 1 Literacy","Gisborne","2023","0","0.914","0.129","533","75","583",""
"12","Level 1 Literacy","Gisborne","2024","0","0.903","0.134","533","79","590",""
"12","Level 1 Literacy","Hawke's Bay","2015","0","0.961","0.087","1987","179","2068",""
"12","Level 1 Literacy","Hawke's Bay","2016","0","0.957","0.073","2047","157","2139",""
"12","Level 1 Literacy","Hawke's Bay","2017","0","0.958","0.075","2057","161","2147",""
"12","Level 1 Literacy","Hawke's Bay","2018","0","0.964","0.075","2064","160","2140",""
"12","Level 1 Literacy","Hawke's Bay","2019","0","0.957","0.087","1839","167","1921",""
"12","Level 1 Literacy","Hawke's Bay","2020","0","0.955","0.083","1942","168","2034",""
"12","Level 1 Literacy","Hawke's Bay","2021","0","0.958","0.081","2010","170","2099",""
"12","Level 1 Literacy","Hawke's Bay","2022","0","0.962","0.078","1857","151","1931",""
"12","Level 1 Literacy","Hawke's Bay","2023","0","0.952","0.092","1990","193","2090",""
"12","Level 1 Literacy","Hawke's Bay","2024","0","0.943","0.102","2038","221","2162",""
"12","Level 1 Literacy","Manawatu-Whanganui","2015","0","0.939","0.142","2609","394","2779",""
"12","Level 1 Literacy","Manawatu-Whanganui","2016","0","0.946","0.118","2717","340","2871",""
"12","Level 1 Literacy","Manawatu-Whanganui","2017","0","0.954","0.115","2715","328","2847",""
"12","Level 1 Literacy","Manawatu-Whanganui","2018","0","0.95","0.115","2603","314","2740",""
"12","Level 1 Literacy","Manawatu-Whanganui","2019","0","0.936","0.135","2496","360","2668",""
"12","Level 1 Literacy","Manawatu-Whanganui","2020","0","0.942","0.221","2605","610","2766",""
"12","Level 1 Literacy","Manawatu-Whanganui","2021","0","0.92","0.188","2476","505","2690",""
"12","Level 1 Literacy","Manawatu-Whanganui","2022","0","0.927","0.169","2590","473","2795",""
"12","Level 1 Literacy","Manawatu-Whanganui","2023","0","0.929","0.235","2524","638","2716",""
"12","Level 1 Literacy","Manawatu-Whanganui","2024","0","0.903","0.279","2700","834","2990",""
"12","Level 1 Literacy","Marlborough","2015","0","0.972","0.062","421","27","433",""
"12","Level 1 Literacy","Marlborough","2016","0","0.963","0.069","419","30","435",""
"12","Level 1 Literacy","Marlborough","2017","0","0.966","0.145","400","60","414",""
"12","Level 1 Literacy","Marlborough","2018","0","0.958","0.136","367","52","383",""
"12","Level 1 Literacy","Marlborough","2019","0","0.972","0.182","412","77","424",""
"12","Level 1 Literacy","Marlborough","2020","0","0.95","0.168","418","74","440",""
"12","Level 1 Literacy","Marlborough","2021","0","0.96","0.171","359","64","374",""
"12","Level 1 Literacy","Marlborough","2022","0","0.962","0.081","425","36","442",""
"12","Level 1 Literacy","Marlborough","2023","0","0.958","0.161","386","65","403",""
"12","Level 1 Literacy","Marlborough","2024","0","0.931","0.166","416","74","447",""
"12","Level 1 Literacy","Nelson","2015","0","0.964","0.131","678","92","703",""
"12","Level 1 Literacy","Nelson","2016","0","0.975","0.113","780","90","800",""
"12","Level 1 Literacy","Nelson","2017","0","0.971","0.101","727","76","749",""
"12","Level 1 Literacy","Nelson","2018","0","0.977","0.084","678","58","694",""
"12","Level 1 Literacy","Nelson","2019","0","0.974","0.13","681","91","699",""
"12","Level 1 Literacy","Nelson","2020","0","0.962","0.097","685","69","712",""
"12","Level 1 Literacy","Nelson","2021","0","0.952","0.091","687","66","722",""
"12","Level 1 Literacy","Nelson","2022","0","0.966","0.084","676","59","700",""
"12","Level 1 Literacy","Nelson","2023","0","0.942","0.095","665","67","706",""
"12","Level 1 Literacy","Nelson","2024","0","0.944","0.102","705","76","747",""
"12","Level 1 Literacy","Northland","2015","0","0.943","0.155","1789","294","1897",""
"12","Level 1 Literacy","Northland","2016","0","0.931","0.136","1875","273","2014",""
"12","Level 1 Literacy","Northland","2017","0","0.934","0.133","1855","264","1987",""
"12","Level 1 Literacy","Northland","2018","0","0.938","0.133","1676","238","1786",""
"12","Level 1 Literacy","Northland","2019","0","0.941","0.158","1730","291","1838",""
"12","Level 1 Literacy","Northland","2020","0","0.936","0.247","1746","461","1865",""
"12","Level 1 Literacy","Northland","2021","0","0.927","0.251","1674","453","1805",""
"12","Level 1 Literacy","Northland","2022","0","0.916","0.195","1729","368","1888",""
"12","Level 1 Literacy","Northland","2023","0","0.907","0.245","1846","499","2035",""
"12","Level 1 Literacy","Northland","2024","0","0.887","0.224","1728","437","1948",""
"12","Level 1 Literacy","Otago","2015","0","0.968","0.091","2138","201","2208",""
"12","Level 1 Literacy","Otago","2016","0","0.97","0.081","2287","190","2357",""
"12","Level 1 Literacy","Otago","2017","0","0.971","0.081","2364","198","2434",""
"12","Level 1 Literacy","Otago","2018","0","0.974","0.083","2239","191","2299",""
"12","Level 1 Literacy","Otago","2019","0","0.969","0.081","2220","185","2290",""
"12","Level 1 Literacy","Otago","2020","0","0.977","0.086","2239","198","2291",""
"12","Level 1 Literacy","Otago","2021","0","0.976","0.079","2275","184","2331",""
"12","Level 1 Literacy","Otago","2022","0","0.965","0.069","2180","155","2258",""
"12","Level 1 Literacy","Otago","2023","0","0.964","0.124","2368","305","2456",""
"12","Level 1 Literacy","Otago","2024","0","0.954","0.117","2408","295","2524",""
"12","Level 1 Literacy","Other","2015","0","0.571","0.189","961","319","1684",""
"12","Level 1 Literacy","Other","2016","0","0.6","0.186","967","300","1612",""
"12","Level 1 Literacy","Other","2017","0","0.577","0.188","903","295","1566",""
"12","Level 1 Literacy","Other","2018","0","0.57","0.163","822","235","1441",""
"12","Level 1 Literacy","Other","2019","0","0.532","0.154","860","249","1617",""
"12","Level 1 Literacy","Other","2020","0","0.483","0.156","875","283","1813",""
"12","Level 1 Literacy","Other","2021","0","0.461","0.138","876","262","1901",""
"12","Level 1 Literacy","Other","2022","0","0.473","0.139","1175","344","2482",""
"12","Level 1 Literacy","Other","2023","0","0.488","0.187","1273","489","2610",""
"12","Level 1 Literacy","Other","2024","0","0.492","0.107","1417","309","2880",""
"12","Level 1 Literacy","Southland","2015","0","0.962","0.085","1076","95","1118",""
"12","Level 1 Literacy","Southland","2016","0","0.958","0.108","1060","120","1107",""
"12","Level 1 Literacy","Southland","2017","0","0.968","0.075","1078","84","1114",""
"12","Level 1 Literacy","Southland","2018","0","0.966","0.087","1074","97","1112",""
"12","Level 1 Literacy","Southland","2019","0","0.966","0.108","1014","113","1050",""
"12","Level 1 Literacy","Southland","2020","0","0.961","0.079","1042","86","1084",""
"12","Level 1 Literacy","Southland","2021","0","0.966","0.076","1091","86","1129",""
"12","Level 1 Literacy","Southland","2022","0","0.956","0.065","1050","71","1098",""
"12","Level 1 Literacy","Southland","2023","0","0.945","0.089","1057","99","1118",""
"12","Level 1 Literacy","Southland","2024","0","0.941","0.135","1129","162","1200",""
"12","Level 1 Literacy","Taranaki","2015","0","0.968","0.12","1416","176","1463",""
"12","Level 1 Literacy","Taranaki","2016","0","0.963","0.114","1356","161","1408",""
"12","Level 1 Literacy","Taranaki","2017","0","0.97","0.076","1323","104","1364",""
"12","Level 1 Literacy","Taranaki","2018","0","0.966","0.068","1303","92","1349",""
"12","Level 1 Literacy","Taranaki","2019","0","0.968","0.093","1285","124","1327",""
"12","Level 1 Literacy","Taranaki","2020","0","0.962","0.101","1271","133","1321",""
"12","Level 1 Literacy","Taranaki","2021","0","0.965","0.072","1288","96","1335",""
"12","Level 1 Literacy","Taranaki","2022","0","0.944","0.076","1301","105","1378",""
"12","Level 1 Literacy","Taranaki","2023","0","0.952","0.078","1348","110","1416",""
"12","Level 1 Literacy","Taranaki","2024","0","0.956","0.081","1408","120","1473",""
"12","Level 1 Literacy","Tasman","2015","0","0.952","0.102","439","47","461",""
"12","Level 1 Literacy","Tasman","2016","0","0.956","0.129","497","67","520",""
"12","Level 1 Literacy","Tasman","2017","0","0.97","0.076","482","38","497",""
"12","Level 1 Literacy","Tasman","2018","0","0.949","0.074","487","38","513",""
"12","Level 1 Literacy","Tasman","2019","0","0.968","0.128","485","64","501",""
"12","Level 1 Literacy","Tasman","2020","0","0.944","0.133","504","71","534",""
"12","Level 1 Literacy","Tasman","2021","0","0.971","0.103","510","54","525",""
"12","Level 1 Literacy","Tasman","2022","0","0.966","0.103","480","51","497",""
"12","Level 1 Literacy","Tasman","2023","0","0.953","0.13","504","69","529",""
"12","Level 1 Literacy","Tasman","2024","0","0.933","0.083","474","42","508",""
"12","Level 1 Literacy","Waikato","2015","0","0.95","0.123","4949","640","5209",""
"12","Level 1 Literacy","Waikato","2016","0","0.949","0.12","5048","636","5317",""
"12","Level 1 Literacy","Waikato","2017","0","0.954","0.114","5224","625","5478",""
"12","Level 1 Literacy","Waikato","2018","0","0.953","0.125","5032","660","5280",""
"12","Level 1 Literacy","Waikato","2019","0","0.948","0.164","5051","872","5330",""
"12","Level 1 Literacy","Waikato","2020","0","0.957","0.159","5148","857","5381",""
"12","Level 1 Literacy","Waikato","2021","0","0.952","0.154","5277","851","5543",""
"12","Level 1 Literacy","Waikato","2022","0","0.942","0.142","5244","792","5568",""
"12","Level 1 Literacy","Waikato","2023","0","0.937","0.162","5265","910","5617",""
"12","Level 1 Literacy","Waikato","2024","0","0.918","0.176","5564","1067","6064",""
"12","Level 1 Literacy","Wellington","2015","0","0.961","0.118","5424","665","5644",""
"12","Level 1 Literacy","Wellington","2016","0","0.965","0.106","5679","625","5886",""
"12","Level 1 Literacy","Wellington","2017","0","0.967","0.097","5762","577","5959",""
"12","Level 1 Literacy","Wellington","2018","0","0.964","0.097","5599","562","5811",""
"12","Level 1 Literacy","Wellington","2019","0","0.955","0.111","5558","646","5818",""
"12","Level 1 Literacy","Wellington","2020","0","0.958","0.12","5710","715","5963",""
"12","Level 1 Literacy","Wellington","2021","0","0.952","0.118","5634","700","5915",""
"12","Level 1 Literacy","Wellington","2022","0","0.956","0.103","5578","599","5837",""
"12","Level 1 Literacy","Wellington","2023","0","0.946","0.12","5806","735","6137",""
"12","Level 1 Literacy","Wellington","2024","0","0.936","0.134","5912","846","6315",""
"12","Level 1 Literacy","West Coast","2015","0","0.925","0.13","270","38","292",""
"12","Level 1 Literacy","West Coast","2016","0","0.936","0.154","250","41","267",""
"12","Level 1 Literacy","West Coast","2017","0","0.942","0.138","307","45","326",""
"12","Level 1 Literacy","West Coast","2018","0","0.947","0.174","267","49","282",""
"12","Level 1 Literacy","West Coast","2019","0","0.897","0.16","235","42","262",""
"12","Level 1 Literacy","West Coast","2020","0","0.926","0.159","250","43","270",""
"12","Level 1 Literacy","West Coast","2021","0","0.929","0.124","248","33","267",""
"12","Level 1 Literacy","West Coast","2022","0","0.933","0.11","279","33","299",""
"12","Level 1 Literacy","West Coast","2023","0","0.952","0.14","258","38","271",""
"12","Level 1 Literacy","West Coast","2024","0","0.916","0.101","282","31","308",""
"12","Level 1 Numeracy","Auckland","2015","0","0.876","0.13","16402","2443","18722",""
"12","Level 1 Numeracy","Auckland","2016","0","0.885","0.127","17103","2453","19335",""
"12","Level 1 Numeracy","Auckland","2017","0","0.887","0.125","17124","2407","19296",""
"12","Level 1 Numeracy","Auckland","2018","0","0.896","0.124","16591","2303","18508",""
"12","Level 1 Numeracy","Auckland","2019","0","0.901","0.139","16913","2605","18779",""
"12","Level 1 Numeracy","Auckland","2020","0","0.901","0.142","17040","2677","18909",""
"12","Level 1 Numeracy","Auckland","2021","0","0.902","0.148","17292","2830","19178",""
"12","Level 1 Numeracy","Auckland","2022","0","0.892","0.17","17279","3302","19373",""
"12","Level 1 Numeracy","Auckland","2023","0","0.892","0.221","18236","4513","20453",""
"12","Level 1 Numeracy","Auckland","2024","0","0.889","0.243","19400","5295","21814",""
"12","Level 1 Numeracy","Bay of Plenty","2015","0","0.942","0.118","3295","414","3497",""
"12","Level 1 Numeracy","Bay of Plenty","2016","0","0.958","0.108","3470","393","3624",""
"12","Level 1 Numeracy","Bay of Plenty","2017","0","0.955","0.091","3424","327","3586",""
"12","Level 1 Numeracy","Bay of Plenty","2018","0","0.95","0.097","3362","343","3539",""
"12","Level 1 Numeracy","Bay of Plenty","2019","0","0.952","0.094","3233","320","3395",""
"12","Level 1 Numeracy","Bay of Plenty","2020","0","0.95","0.096","3370","342","3546",""
"12","Level 1 Numeracy","Bay of Plenty","2021","0","0.952","0.072","3551","270","3731",""
"12","Level 1 Numeracy","Bay of Plenty","2022","0","0.947","0.06","3356","212","3545",""
"12","Level 1 Numeracy","Bay of Plenty","2023","0","0.939","0.089","3465","330","3691",""
"12","Level 1 Numeracy","Bay of Plenty","2024","0","0.94","0.075","3634","289","3867",""
"12","Level 1 Numeracy","Canterbury","2015","0","0.95","0.097","6048","617","6365",""
"12","Level 1 Numeracy","Canterbury","2016","0","0.953","0.091","6405","611","6721",""
"12","Level 1 Numeracy","Canterbury","2017","0","0.957","0.087","6376","578","6665",""
"12","Level 1 Numeracy","Canterbury","2018","0","0.956","0.101","6515","689","6817",""
"12","Level 1 Numeracy","Canterbury","2019","0","0.949","0.108","6276","715","6615",""
"12","Level 1 Numeracy","Canterbury","2020","0","0.954","0.104","6482","705","6793",""
"12","Level 1 Numeracy","Canterbury","2021","0","0.951","0.122","6536","838","6874",""
"12","Level 1 Numeracy","Canterbury","2022","0","0.939","0.118","6369","803","6781",""
"12","Level 1 Numeracy","Canterbury","2023","0","0.94","0.167","6807","1213","7243",""
"12","Level 1 Numeracy","Canterbury","2024","0","0.924","0.179","7018","1362","7598",""
"12","Level 1 Numeracy","Gisborne","2015","0","0.944","0.165","573","100","607",""
"12","Level 1 Numeracy","Gisborne","2016","0","0.931","0.129","541","75","581",""
"12","Level 1 Numeracy","Gisborne","2017","0","0.924","0.11","569","68","616",""
"12","Level 1 Numeracy","Gisborne","2018","0","0.933","0.132","545","77","584",""
"12","Level 1 Numeracy","Gisborne","2019","0","0.924","0.136","524","77","567",""
"12","Level 1 Numeracy","Gisborne","2020","0","0.935","0.196","533","112","570",""
"12","Level 1 Numeracy","Gisborne","2021","0","0.898","0.093","509","53","567",""
"12","Level 1 Numeracy","Gisborne","2022","0","0.915","0.15","548","90","599",""
"12","Level 1 Numeracy","Gisborne","2023","0","0.88","0.127","513","74","583",""
"12","Level 1 Numeracy","Gisborne","2024","0","0.875","0.136","516","80","590",""
"12","Level 1 Numeracy","Hawke's Bay","2015","0","0.954","0.086","1973","178","2068",""
"12","Level 1 Numeracy","Hawke's Bay","2016","0","0.952","0.074","2037","158","2139",""
"12","Level 1 Numeracy","Hawke's Bay","2017","0","0.957","0.072","2054","154","2147",""
"12","Level 1 Numeracy","Hawke's Bay","2018","0","0.963","0.071","2060","152","2140",""
"12","Level 1 Numeracy","Hawke's Bay","2019","0","0.952","0.086","1828","166","1921",""
"12","Level 1 Numeracy","Hawke's Bay","2020","0","0.946","0.081","1925","165","2034",""
"12","Level 1 Numeracy","Hawke's Bay","2021","0","0.943","0.08","1980","167","2099",""
"12","Level 1 Numeracy","Hawke's Bay","2022","0","0.948","0.077","1830","149","1931",""
"12","Level 1 Numeracy","Hawke's Bay","2023","0","0.942","0.089","1969","187","2090",""
"12","Level 1 Numeracy","Hawke's Bay","2024","0","0.932","0.1","2016","216","2162",""
"12","Level 1 Numeracy","Manawatu-Whanganui","2015","0","0.927","0.14","2575","389","2779",""
"12","Level 1 Numeracy","Manawatu-Whanganui","2016","0","0.947","0.118","2718","339","2871",""
"12","Level 1 Numeracy","Manawatu-Whanganui","2017","0","0.949","0.116","2702","330","2847",""
"12","Level 1 Numeracy","Manawatu-Whanganui","2018","0","0.946","0.115","2592","315","2740",""
"12","Level 1 Numeracy","Manawatu-Whanganui","2019","0","0.937","0.132","2501","352","2668",""
"12","Level 1 Numeracy","Manawatu-Whanganui","2020","0","0.943","0.221","2607","612","2766",""
"12","Level 1 Numeracy","Manawatu-Whanganui","2021","0","0.933","0.193","2511","518","2690",""
"12","Level 1 Numeracy","Manawatu-Whanganui","2022","0","0.937","0.177","2619","496","2795",""
"12","Level 1 Numeracy","Manawatu-Whanganui","2023","0","0.922","0.237","2505","645","2716",""
"12","Level 1 Numeracy","Manawatu-Whanganui","2024","0","0.91","0.278","2720","831","2990",""
"12","Level 1 Numeracy","Marlborough","2015","0","0.975","0.065","422","28","433",""
"12","Level 1 Numeracy","Marlborough","2016","0","0.966","0.078","420","34","435",""
"12","Level 1 Numeracy","Marlborough","2017","0","0.964","0.143","399","59","414",""
"12","Level 1 Numeracy","Marlborough","2018","0","0.956","0.141","366","54","383",""
"12","Level 1 Numeracy","Marlborough","2019","0","0.932","0.167","395","71","424",""
"12","Level 1 Numeracy","Marlborough","2020","0","0.95","0.173","418","76","440",""
"12","Level 1 Numeracy","Marlborough","2021","0","0.941","0.171","352","64","374",""
"12","Level 1 Numeracy","Marlborough","2022","0","0.948","0.075","419","33","442",""
"12","Level 1 Numeracy","Marlborough","2023","0","0.938","0.146","378","59","403",""
"12","Level 1 Numeracy","Marlborough","2024","0","0.922","0.161","412","72","447",""
"12","Level 1 Numeracy","Nelson","2015","0","0.952","0.132","669","93","703",""
"12","Level 1 Numeracy","Nelson","2016","0","0.964","0.109","771","87","800",""
"12","Level 1 Numeracy","Nelson","2017","0","0.951","0.093","712","70","749",""
"12","Level 1 Numeracy","Nelson","2018","0","0.977","0.085","678","59","694",""
"12","Level 1 Numeracy","Nelson","2019","0","0.964","0.127","674","89","699",""
"12","Level 1 Numeracy","Nelson","2020","0","0.959","0.091","683","65","712",""
"12","Level 1 Numeracy","Nelson","2021","0","0.954","0.087","689","63","722",""
"12","Level 1 Numeracy","Nelson","2022","0","0.957","0.086","670","60","700",""
"12","Level 1 Numeracy","Nelson","2023","0","0.938","0.098","662","69","706",""
"12","Level 1 Numeracy","Nelson","2024","0","0.945","0.103","706","77","747",""
"12","Level 1 Numeracy","Northland","2015","0","0.916","0.148","1737","281","1897",""
"12","Level 1 Numeracy","Northland","2016","0","0.919","0.133","1851","268","2014",""
"12","Level 1 Numeracy","Northland","2017","0","0.922","0.129","1832","256","1987",""
"12","Level 1 Numeracy","Northland","2018","0","0.927","0.127","1656","227","1786",""
"12","Level 1 Numeracy","Northland","2019","0","0.928","0.156","1706","287","1838",""
"12","Level 1 Numeracy","Northland","2020","0","0.92","0.243","1716","453","1865",""
"12","Level 1 Numeracy","Northland","2021","0","0.897","0.238","1619","429","1805",""
"12","Level 1 Numeracy","Northland","2022","0","0.896","0.185","1691","350","1888",""
"12","Level 1 Numeracy","Northland","2023","0","0.899","0.237","1830","483","2035",""
"12","Level 1 Numeracy","Northland","2024","0","0.884","0.219","1722","426","1948",""
"12","Level 1 Numeracy","Otago","2015","0","0.966","0.09","2132","199","2208",""
"12","Level 1 Numeracy","Otago","2016","0","0.964","0.077","2271","181","2357",""
"12","Level 1 Numeracy","Otago","2017","0","0.966","0.08","2352","194","2434",""
"12","Level 1 Numeracy","Otago","2018","0","0.969","0.082","2227","189","2299",""
"12","Level 1 Numeracy","Otago","2019","0","0.963","0.076","2205","173","2290",""
"12","Level 1 Numeracy","Otago","2020","0","0.974","0.088","2231","201","2291",""
"12","Level 1 Numeracy","Otago","2021","0","0.967","0.079","2255","183","2331",""
"12","Level 1 Numeracy","Otago","2022","0","0.957","0.068","2161","154","2258",""
"12","Level 1 Numeracy","Otago","2023","0","0.956","0.116","2348","286","2456",""
"12","Level 1 Numeracy","Otago","2024","0","0.953","0.115","2405","291","2524",""
"12","Level 1 Numeracy","Other","2015","0","0.508","0.175","856","294","1684",""
"12","Level 1 Numeracy","Other","2016","0","0.554","0.174","893","280","1612",""
"12","Level 1 Numeracy","Other","2017","0","0.536","0.179","840","280","1566",""
"12","Level 1 Numeracy","Other","2018","0","0.525","0.151","757","217","1441",""
"12","Level 1 Numeracy","Other","2019","0","0.495","0.152","801","245","1617",""
"12","Level 1 Numeracy","Other","2020","0","0.431","0.131","781","238","1813",""
"12","Level 1 Numeracy","Other","2021","0","0.416","0.123","791","233","1901",""
"12","Level 1 Numeracy","Other","2022","0","0.442","0.129","1097","321","2482",""
"12","Level 1 Numeracy","Other","2023","0","0.46","0.177","1200","463","2610",""
"12","Level 1 Numeracy","Other","2024","0","0.463","0.101","1333","292","2880",""
"12","Level 1 Numeracy","Southland","2015","0","0.954","0.087","1067","97","1118",""
"12","Level 1 Numeracy","Southland","2016","0","0.954","0.107","1056","119","1107",""
"12","Level 1 Numeracy","Southland","2017","0","0.97","0.075","1081","83","1114",""
"12","Level 1 Numeracy","Southland","2018","0","0.969","0.089","1077","99","1112",""
"12","Level 1 Numeracy","Southland","2019","0","0.966","0.106","1014","111","1050",""
"12","Level 1 Numeracy","Southland","2020","0","0.964","0.081","1045","88","1084",""
"12","Level 1 Numeracy","Southland","2021","0","0.965","0.076","1090","86","1129",""
"12","Level 1 Numeracy","Southland","2022","0","0.953","0.063","1046","69","1098",""
"12","Level 1 Numeracy","Southland","2023","0","0.951","0.088","1063","98","1118",""
"12","Level 1 Numeracy","Southland","2024","0","0.938","0.138","1126","165","1200",""
"12","Level 1 Numeracy","Taranaki","2015","0","0.956","0.12","1399","175","1463",""
"12","Level 1 Numeracy","Taranaki","2016","0","0.959","0.112","1350","158","1408",""
"12","Level 1 Numeracy","Taranaki","2017","0","0.964","0.075","1315","102","1364",""
"12","Level 1 Numeracy","Taranaki","2018","0","0.966","0.07","1303","94","1349",""
"12","Level 1 Numeracy","Taranaki","2019","0","0.965","0.097","1281","129","1327",""
"12","Level 1 Numeracy","Taranaki","2020","0","0.968","0.104","1279","138","1321",""
"12","Level 1 Numeracy","Taranaki","2021","0","0.966","0.069","1290","92","1335",""
"12","Level 1 Numeracy","Taranaki","2022","0","0.94","0.073","1295","101","1378",""
"12","Level 1 Numeracy","Taranaki","2023","0","0.949","0.078","1344","110","1416",""
"12","Level 1 Numeracy","Taranaki","2024","0","0.955","0.08","1406","118","1473",""
"12","Level 1 Numeracy","Tasman","2015","0","0.924","0.095","426","44","461",""
"12","Level 1 Numeracy","Tasman","2016","0","0.946","0.125","492","65","520",""
"12","Level 1 Numeracy","Tasman","2017","0","0.972","0.078","483","39","497",""
"12","Level 1 Numeracy","Tasman","2018","0","0.938","0.078","481","40","513",""
"12","Level 1 Numeracy","Tasman","2019","0","0.966","0.126","484","63","501",""
"12","Level 1 Numeracy","Tasman","2020","0","0.933","0.124","498","66","534",""
"12","Level 1 Numeracy","Tasman","2021","0","0.954","0.103","501","54","525",""
"12","Level 1 Numeracy","Tasman","2022","0","0.958","0.103","476","51","497",""
"12","Level 1 Numeracy","Tasman","2023","0","0.947","0.132","501","70","529",""
"12","Level 1 Numeracy","Tasman","2024","0","0.913","0.085","464","43","508",""
"12","Level 1 Numeracy","Waikato","2015","0","0.945","0.122","4923","638","5209",""
"12","Level 1 Numeracy","Waikato","2016","0","0.945","0.121","5027","645","5317",""
"12","Level 1 Numeracy","Waikato","2017","0","0.948","0.112","5194","616","5478",""
"12","Level 1 Numeracy","Waikato","2018","0","0.948","0.122","5007","642","5280",""
"12","Level 1 Numeracy","Waikato","2019","0","0.943","0.163","5024","871","5330",""
"12","Level 1 Numeracy","Waikato","2020","0","0.944","0.152","5079","818","5381",""
"12","Level 1 Numeracy","Waikato","2021","0","0.942","0.152","5224","840","5543",""
"12","Level 1 Numeracy","Waikato","2022","0","0.93","0.139","5179","772","5568",""
"12","Level 1 Numeracy","Waikato","2023","0","0.93","0.164","5223","922","5617",""
"12","Level 1 Numeracy","Waikato","2024","0","0.907","0.177","5502","1074","6064",""
"12","Level 1 Numeracy","Wellington","2015","0","0.959","0.119","5411","673","5644",""
"12","Level 1 Numeracy","Wellington","2016","0","0.96","0.104","5649","612","5886",""
"12","Level 1 Numeracy","Wellington","2017","0","0.963","0.093","5737","555","5959",""
"12","Level 1 Numeracy","Wellington","2018","0","0.966","0.098","5613","572","5811",""
"12","Level 1 Numeracy","Wellington","2019","0","0.945","0.109","5500","632","5818",""
"12","Level 1 Numeracy","Wellington","2020","0","0.951","0.119","5672","711","5963",""
"12","Level 1 Numeracy","Wellington","2021","0","0.949","0.118","5614","698","5915",""
"12","Level 1 Numeracy","Wellington","2022","0","0.947","0.1","5525","584","5837",""
"12","Level 1 Numeracy","Wellington","2023","0","0.937","0.119","5753","730","6137",""
"12","Level 1 Numeracy","Wellington","2024","0","0.93","0.137","5871","864","6315",""
"12","Level 1 Numeracy","West Coast","2015","0","0.938","0.12","274","35","292",""
"12","Level 1 Numeracy","West Coast","2016","0","0.948","0.165","253","44","267",""
"12","Level 1 Numeracy","West Coast","2017","0","0.936","0.144","305","47","326",""
"12","Level 1 Numeracy","West Coast","2018","0","0.961","0.177","271","50","282",""
"12","Level 1 Numeracy","West Coast","2019","0","0.912","0.153","239","40","262",""
"12","Level 1 Numeracy","West Coast","2020","0","0.904","0.163","244","44","270",""
"12","Level 1 Numeracy","West Coast","2021","0","0.925","0.127","247","34","267",""
"12","Level 1 Numeracy","West Coast","2022","0","0.91","0.107","272","32","299",""
"12","Level 1 Numeracy","West Coast","2023","0","0.941","0.133","255","36","271",""
"12","Level 1 Numeracy","West Coast","2024","0","0.906","0.101","279","31","308",""
"13","Level 1 Literacy","Auckland","2015","0","0.907","0.033","14879","534","16405",""
"13","Level 1 Literacy","Auckland","2016","0","0.911","0.033","14831","544","16274",""
"13","Level 1 Literacy","Auckland","2017","0","0.911","0.027","15241","459","16739",""
"13","Level 1 Literacy","Auckland","2018","0","0.915","0.03","15195","497","16611",""
"13","Level 1 Literacy","Auckland","2019","0","0.922","0.032","14699","509","15937",""
"13","Level 1 Literacy","Auckland","2020","0","0.931","0.034","15193","557","16320",""
"13","Level 1 Literacy","Auckland","2021","0","0.93","0.023","15467","378","16640",""
"13","Level 1 Literacy","Auckland","2022","0","0.928","0.024","15159","387","16342",""
"13","Level 1 Literacy","Auckland","2023","0","0.927","0.044","15286","720","16489",""
"13","Level 1 Literacy","Auckland","2024","0","0.911","0.05","16273","895","17858",""
"13","Level 1 Literacy","Bay of Plenty","2015","0","0.974","0.03","2790","85","2864",""
"13","Level 1 Literacy","Bay of Plenty","2016","0","0.977","0.028","2747","79","2811",""
"13","Level 1 Literacy","Bay of Plenty","2017","0","0.976","0.022","2832","65","2903",""
"13","Level 1 Literacy","Bay of Plenty","2018","0","0.972","0.021","2781","59","2862",""
"13","Level 1 Literacy","Bay of Plenty","2019","0","0.977","0.02","2634","53","2695",""
"13","Level 1 Literacy","Bay of Plenty","2020","0","0.972","0.023","2521","59","2593",""
"13","Level 1 Literacy","Bay of Plenty","2021","0","0.968","0.013","2630","34","2716",""
"13","Level 1 Literacy","Bay of Plenty","2022","0","0.972","0.011","2645","30","2721",""
"13","Level 1 Literacy","Bay of Plenty","2023","0","0.965","0.022","2495","56","2585",""
"13","Level 1 Literacy","Bay of Plenty","2024","0","0.962","0.025","2712","71","2818",""
"13","Level 1 Literacy","Canterbury","2015","0","0.969","0.022","5507","126","5681",""
"13","Level 1 Literacy","Canterbury","2016","0","0.967","0.025","5527","141","5713",""
"13","Level 1 Literacy","Canterbury","2017","0","0.971","0.02","5776","121","5946",""
"13","Level 1 Literacy","Canterbury","2018","0","0.971","0.022","5672","127","5843",""
"13","Level 1 Literacy","Canterbury","2019","0","0.968","0.024","5750","140","5938",""
"13","Level 1 Literacy","Canterbury","2020","0","0.964","0.024","5623","139","5835",""
"13","Level 1 Literacy","Canterbury","2021","0","0.965","0.017","5795","100","6004",""
"13","Level 1 Literacy","Canterbury","2022","0","0.966","0.017","5647","100","5843",""
"13","Level 1 Literacy","Canterbury","2023","0","0.956","0.029","5413","163","5665",""
"13","Level 1 Literacy","Canterbury","2024","0","0.952","0.034","5828","209","6122",""
"13","Level 1 Literacy","Gisborne","2015","0","0.958","0.032","483","16","504",""
"13","Level 1 Literacy","Gisborne","2016","0","0.961","0.039","522","21","543",""
"13","Level 1 Literacy","Gisborne","2017","0","0.965","0.024","441","11","457",""
"13","Level 1 Literacy","Gisborne","2018","0","0.954","0.021","452","10","474",""
"13","Level 1 Literacy","Gisborne","2019","0","0.963","0.031","442","14","459",""
"13","Level 1 Literacy","Gisborne","2020","0","0.971","0.036","430","16","443",""
"13","Level 1 Literacy","Gisborne","2021","0","0.957","0.027","424","12","443",""
"13","Level 1 Literacy","Gisborne","2022","0","0.952","0.027","394","11","414",""
"13","Level 1 Literacy","Gisborne","2023","0","0.957","0.021","402","9","420",""
"13","Level 1 Literacy","Gisborne","2024","0","0.94","0.031","423","14","450",""
"13","Level 1 Literacy","Hawke's Bay","2015","0","0.967","0.019","1692","34","1749",""
"13","Level 1 Literacy","Hawke's Bay","2016","0","0.966","0.011","1622","18","1679",""
"13","Level 1 Literacy","Hawke's Bay","2017","0","0.968","0.014","1652","24","1707",""
"13","Level 1 Literacy","Hawke's Bay","2018","0","0.978","0.014","1723","24","1761",""
"13","Level 1 Literacy","Hawke's Bay","2019","0","0.968","0.02","1593","33","1646",""
"13","Level 1 Literacy","Hawke's Bay","2020","0","0.97","0.021","1502","32","1549",""
"13","Level 1 Literacy","Hawke's Bay","2021","0","0.961","0.01","1473","16","1533",""
"13","Level 1 Literacy","Hawke's Bay","2022","0","0.968","0.013","1547","20","1598",""
"13","Level 1 Literacy","Hawke's Bay","2023","0","0.975","0.017","1398","25","1434",""
"13","Level 1 Literacy","Hawke's Bay","2024","0","0.965","0.021","1504","32","1558",""
"13","Level 1 Literacy","Manawatu-Whanganui","2015","0","0.97","0.024","2193","55","2261",""
"13","Level 1 Literacy","Manawatu-Whanganui","2016","0","0.961","0.029","2205","67","2295",""
"13","Level 1 Literacy","Manawatu-Whanganui","2017","0","0.963","0.023","2223","52","2309",""
"13","Level 1 Literacy","Manawatu-Whanganui","2018","0","0.973","0.017","2190","39","2251",""
"13","Level 1 Literacy","Manawatu-Whanganui","2019","0","0.964","0.022","2090","48","2169",""
"13","Level 1 Literacy","Manawatu-Whanganui","2020","0","0.956","0.034","1992","70","2083",""
"13","Level 1 Literacy","Manawatu-Whanganui","2021","0","0.959","0.026","2105","56","2195",""
"13","Level 1 Literacy","Manawatu-Whanganui","2022","0","0.947","0.024","1898","48","2005",""
"13","Level 1 Literacy","Manawatu-Whanganui","2023","0","0.946","0.036","1955","74","2067",""
"13","Level 1 Literacy","Manawatu-Whanganui","2024","0","0.939","0.045","1958","93","2085",""
"13","Level 1 Literacy","Marlborough","2015","0","0.966","0.017","401","7","415",""
"13","Level 1 Literacy","Marlborough","2016","0","0.975","0.011","353","4","362",""
"13","Level 1 Literacy","Marlborough","2017","0","0.973","0.027","355","10","365",""
"13","Level 1 Literacy","Marlborough","2018","0","0.991","0.022","316","7","319",""
"13","Level 1 Literacy","Marlborough","2019","0","0.97","0.013","296","4","305",""
"13","Level 1 Literacy","Marlborough","2020","0","0.985","0.033","325","11","330",""
"13","Level 1 Literacy","Marlborough","2021","0","0.975","0.022","314","7","322",""
"13","Level 1 Literacy","Marlborough","2022","0","0.954","0.007","271","2","284",""
"13","Level 1 Literacy","Marlborough","2023","0","0.966","0.025","309","8","320",""
"13","Level 1 Literacy","Marlborough","2024","0","0.969","0.035","308","11","318",""
"13","Level 1 Literacy","Nelson","2015","0","0.982","0.021","604","13","615",""
"13","Level 1 Literacy","Nelson","2016","0","0.982","0.034","556","19","566",""
"13","Level 1 Literacy","Nelson","2017","0","0.986","0.017","626","11","635",""
"13","Level 1 Literacy","Nelson","2018","0","0.985","0.022","586","13","595",""
"13","Level 1 Literacy","Nelson","2019","0","0.981","0.014","561","8","572",""
"13","Level 1 Literacy","Nelson","2020","0","0.987","0.018","549","10","556",""
"13","Level 1 Literacy","Nelson","2021","0","0.982","0.012","591","7","602",""
"13","Level 1 Literacy","Nelson","2022","0","0.977","0.017","561","10","574",""
"13","Level 1 Literacy","Nelson","2023","0","0.987","0.017","512","9","519",""
"13","Level 1 Literacy","Nelson","2024","0","0.953","0.016","542","9","569",""
"13","Level 1 Literacy","Northland","2015","0","0.956","0.037","1401","54","1466",""
"13","Level 1 Literacy","Northland","2016","0","0.957","0.024","1433","36","1498",""
"13","Level 1 Literacy","Northland","2017","0","0.952","0.017","1422","26","1494",""
"13","Level 1 Literacy","Northland","2018","0","0.956","0.027","1367","39","1430",""
"13","Level 1 Literacy","Northland","2019","0","0.964","0.03","1264","39","1311",""
"13","Level 1 Literacy","Northland","2020","0","0.959","0.021","1300","28","1355",""
"13","Level 1 Literacy","Northland","2021","0","0.95","0.031","1335","43","1406",""
"13","Level 1 Literacy","Northland","2022","0","0.951","0.024","1207","30","1269",""
"13","Level 1 Literacy","Northland","2023","0","0.944","0.038","1251","51","1325",""
"13","Level 1 Literacy","Northland","2024","0","0.927","0.036","1359","53","1466",""
"13","Level 1 Literacy","Otago","2015","0","0.985","0.017","1960","33","1989",""
"13","Level 1 Literacy","Otago","2016","0","0.98","0.013","1895","25","1934",""
"13","Level 1 Literacy","Otago","2017","0","0.982","0.016","1959","32","1994",""
"13","Level 1 Literacy","Otago","2018","0","0.981","0.011","1958","21","1995",""
"13","Level 1 Literacy","Otago","2019","0","0.98","0.009","1941","18","1980",""
"13","Level 1 Literacy","Otago","2020","0","0.982","0.014","1900","28","1935",""
"13","Level 1 Literacy","Otago","2021","0","0.986","0.007","1948","14","1976",""
"13","Level 1 Literacy","Otago","2022","0","0.987","0.009","1876","18","1900",""
"13","Level 1 Literacy","Otago","2023","0","0.978","0.021","1792","39","1833",""
"13","Level 1 Literacy","Otago","2024","0","0.97","0.021","1958","43","2018",""
"13","Level 1 Literacy","Other","2015","0","0.752","0.071","2196","208","2920",""
"13","Level 1 Literacy","Other","2016","0","0.774","0.081","2143","224","2768",""
"13","Level 1 Literacy","Other","2017","0","0.791","0.073","1936","180","2449",""
"13","Level 1 Literacy","Other","2018","0","0.716","0.095","1265","168","1766",""
"13","Level 1 Literacy","Other","2019","0","0.732","0.088","1280","154","1748",""
"13","Level 1 Literacy","Other","2020","0","0.71","0.093","1416","185","1993",""
"13","Level 1 Literacy","Other","2021","0","0.714","0.088","1765","217","2471",""
"13","Level 1 Literacy","Other","2022","0","0.701","0.092","1825","239","2603",""
"13","Level 1 Literacy","Other","2023","0","0.698","0.092","1856","244","2660",""
"13","Level 1 Literacy","Other","2024","0","0.678","0.061","2142","194","3159",""
"13","Level 1 Literacy","Southland","2015","0","0.978","0.015","845","13","864",""
"13","Level 1 Literacy","Southland","2016","0","0.98","0.018","852","16","869",""
"13","Level 1 Literacy","Southland","2017","0","0.974","0.013","834","11","856",""
"13","Level 1 Literacy","Southland","2018","0","0.976","0.014","781","11","800",""
"13","Level 1 Literacy","Southland","2019","0","0.973","0.017","803","14","825",""
"13","Level 1 Literacy","Southland","2020","0","0.974","0.017","757","13","777",""
"13","Level 1 Literacy","Southland","2021","0","0.981","0.013","819","11","835",""
"13","Level 1 Literacy","Southland","2022","0","0.974","0.013","745","10","765",""
"13","Level 1 Literacy","Southland","2023","0","0.958","0.014","730","11","762",""
"13","Level 1 Literacy","Southland","2024","0","0.958","0.04","768","32","802",""
"13","Level 1 Literacy","Taranaki","2015","0","0.976","0.02","1073","22","1099",""
"13","Level 1 Literacy","Taranaki","2016","0","0.98","0.027","1092","30","1114",""
"13","Level 1 Literacy","Taranaki","2017","0","0.972","0.012","1095","14","1127",""
"13","Level 1 Literacy","Taranaki","2018","0","0.981","0.009","1048","10","1068",""
"13","Level 1 Literacy","Taranaki","2019","0","0.977","0.01","1030","11","1054",""
"13","Level 1 Literacy","Taranaki","2020","0","0.983","0.013","1034","14","1052",""
"13","Level 1 Literacy","Taranaki","2021","0","0.979","0.013","962","13","983",""
"13","Level 1 Literacy","Taranaki","2022","0","0.975","0.009","948","9","972",""
"13","Level 1 Literacy","Taranaki","2023","0","0.962","0.02","884","18","919",""
"13","Level 1 Literacy","Taranaki","2024","0","0.965","0.021","974","21","1009",""
"13","Level 1 Literacy","Tasman","2015","0","0.966","0.005","393","2","407",""
"13","Level 1 Literacy","Tasman","2016","0","0.972","0.025","349","9","359",""
"13","Level 1 Literacy","Tasman","2017","0","0.975","0.01","394","4","404",""
"13","Level 1 Literacy","Tasman","2018","0","0.971","0.009","335","3","345",""
"13","Level 1 Literacy","Tasman","2019","0","0.968","0.003","359","1","371",""
"13","Level 1 Literacy","Tasman","2020","0","0.971","0.01","372","4","383",""
"13","Level 1 Literacy","Tasman","2021","0","0.967","0.013","376","5","389",""
"13","Level 1 Literacy","Tasman","2022","0","0.978","0.02","350","7","358",""
"13","Level 1 Literacy","Tasman","2023","0","0.964","0.014","344","5","357",""
"13","Level 1 Literacy","Tasman","2024","0","0.975","0.022","357","8","366",""
"13","Level 1 Literacy","Waikato","2015","0","0.965","0.028","4157","120","4309",""
"13","Level 1 Literacy","Waikato","2016","0","0.966","0.021","4070","90","4213",""
"13","Level 1 Literacy","Waikato","2017","0","0.977","0.024","4089","101","4184",""
"13","Level 1 Literacy","Waikato","2018","0","0.974","0.02","4104","83","4214",""
"13","Level 1 Literacy","Waikato","2019","0","0.974","0.022","3943","89","4047",""
"13","Level 1 Literacy","Waikato","2020","0","0.966","0.032","3975","131","4116",""
"13","Level 1 Literacy","Waikato","2021","0","0.974","0.03","4087","127","4194",""
"13","Level 1 Literacy","Waikato","2022","0","0.97","0.019","3904","76","4025",""
"13","Level 1 Literacy","Waikato","2023","0","0.964","0.029","3823","116","3964",""
"13","Level 1 Literacy","Waikato","2024","0","0.961","0.037","3983","152","4145",""
"13","Level 1 Literacy","Wellington","2015","0","0.974","0.027","4993","138","5126",""
"13","Level 1 Literacy","Wellington","2016","0","0.971","0.02","4954","104","5100",""
"13","Level 1 Literacy","Wellington","2017","0","0.973","0.024","5168","125","5312",""
"13","Level 1 Literacy","Wellington","2018","0","0.977","0.02","5073","102","5192",""
"13","Level 1 Literacy","Wellington","2019","0","0.973","0.019","4897","95","5031",""
"13","Level 1 Literacy","Wellington","2020","0","0.968","0.03","4914","150","5076",""
"13","Level 1 Literacy","Wellington","2021","0","0.972","0.022","5107","118","5253",""
"13","Level 1 Literacy","Wellington","2022","0","0.974","0.018","4831","87","4959",""
"13","Level 1 Literacy","Wellington","2023","0","0.968","0.022","4781","111","4937",""
"13","Level 1 Literacy","Wellington","2024","0","0.955","0.032","5055","168","5291",""
"13","Level 1 Literacy","West Coast","2015","0","0.957","0.057","202","12","211",""
"13","Level 1 Literacy","West Coast","2016","0","0.957","0.053","199","11","208",""
"13","Level 1 Literacy","West Coast","2017","0","0.953","0.029","163","5","171",""
"13","Level 1 Literacy","West Coast","2018","0","0.964","0.032","213","7","221",""
"13","Level 1 Literacy","West Coast","2019","0","0.944","0.046","204","10","216",""
"13","Level 1 Literacy","West Coast","2020","0","0.95","0.035","192","7","202",""
"13","Level 1 Literacy","West Coast","2021","0","0.944","0.031","185","6","196",""
"13","Level 1 Literacy","West Coast","2022","0","0.953","0.035","163","6","171",""
"13","Level 1 Literacy","West Coast","2023","0","0.985","0.026","191","5","194",""
"13","Level 1 Literacy","West Coast","2024","0","0.974","0.047","186","9","191",""
"13","Level 1 Numeracy","Auckland","2015","0","0.897","0.031","14718","508","16405",""
"13","Level 1 Numeracy","Auckland","2016","0","0.9","0.03","14642","484","16274",""
"13","Level 1 Numeracy","Auckland","2017","0","0.904","0.026","15128","435","16739",""
"13","Level 1 Numeracy","Auckland","2018","0","0.907","0.028","15058","468","16611",""
"13","Level 1 Numeracy","Auckland","2019","0","0.91","0.029","14507","468","15937",""
"13","Level 1 Numeracy","Auckland","2020","0","0.919","0.031","15005","510","16320",""
"13","Level 1 Numeracy","Auckland","2021","0","0.918","0.022","15283","358","16640",""
"13","Level 1 Numeracy","Auckland","2022","0","0.92","0.024","15042","385","16342",""
"13","Level 1 Numeracy","Auckland","2023","0","0.924","0.043","15235","714","16489",""
"13","Level 1 Numeracy","Auckland","2024","0","0.916","0.056","16357","1006","17858",""
"13","Level 1 Numeracy","Bay of Plenty","2015","0","0.97","0.031","2778","88","2864",""
"13","Level 1 Numeracy","Bay of Plenty","2016","0","0.97","0.026","2728","73","2811",""
"13","Level 1 Numeracy","Bay of Plenty","2017","0","0.975","0.023","2829","67","2903",""
"13","Level 1 Numeracy","Bay of Plenty","2018","0","0.969","0.02","2773","57","2862",""
"13","Level 1 Numeracy","Bay of Plenty","2019","0","0.972","0.019","2620","50","2695",""
"13","Level 1 Numeracy","Bay of Plenty","2020","0","0.971","0.022","2517","56","2593",""
"13","Level 1 Numeracy","Bay of Plenty","2021","0","0.967","0.013","2627","36","2716",""
"13","Level 1 Numeracy","Bay of Plenty","2022","0","0.969","0.011","2638","30","2721",""
"13","Level 1 Numeracy","Bay of Plenty","2023","0","0.961","0.022","2484","58","2585",""
"13","Level 1 Numeracy","Bay of Plenty","2024","0","0.957","0.024","2697","69","2818",""
"13","Level 1 Numeracy","Canterbury","2015","0","0.966","0.023","5488","131","5681",""
"13","Level 1 Numeracy","Canterbury","2016","0","0.966","0.024","5521","137","5713",""
"13","Level 1 Numeracy","Canterbury","2017","0","0.968","0.02","5758","118","5946",""
"13","Level 1 Numeracy","Canterbury","2018","0","0.969","0.022","5664","127","5843",""
"13","Level 1 Numeracy","Canterbury","2019","0","0.968","0.024","5748","142","5938",""
"13","Level 1 Numeracy","Canterbury","2020","0","0.962","0.023","5612","133","5835",""
"13","Level 1 Numeracy","Canterbury","2021","0","0.963","0.015","5780","90","6004",""
"13","Level 1 Numeracy","Canterbury","2022","0","0.963","0.017","5628","99","5843",""
"13","Level 1 Numeracy","Canterbury","2023","0","0.952","0.029","5392","163","5665",""
"13","Level 1 Numeracy","Canterbury","2024","0","0.952","0.034","5828","211","6122",""
"13","Level 1 Numeracy","Gisborne","2015","0","0.948","0.026","478","13","504",""
"13","Level 1 Numeracy","Gisborne","2016","0","0.963","0.035","523","19","543",""
"13","Level 1 Numeracy","Gisborne","2017","0","0.95","0.018","434","8","457",""
"13","Level 1 Numeracy","Gisborne","2018","0","0.958","0.023","454","11","474",""
"13","Level 1 Numeracy","Gisborne","2019","0","0.967","0.031","444","14","459",""
"13","Level 1 Numeracy","Gisborne","2020","0","0.959","0.036","425","16","443",""
"13","Level 1 Numeracy","Gisborne","2021","0","0.957","0.029","424","13","443",""
"13","Level 1 Numeracy","Gisborne","2022","0","0.944","0.022","391","9","414",""
"13","Level 1 Numeracy","Gisborne","2023","0","0.955","0.019","401","8","420",""
"13","Level 1 Numeracy","Gisborne","2024","0","0.929","0.033","418","15","450",""
"13","Level 1 Numeracy","Hawke's Bay","2015","0","0.967","0.019","1691","33","1749",""
"13","Level 1 Numeracy","Hawke's Bay","2016","0","0.963","0.012","1617","20","1679",""
"13","Level 1 Numeracy","Hawke's Bay","2017","0","0.966","0.013","1649","23","1707",""
"13","Level 1 Numeracy","Hawke's Bay","2018","0","0.975","0.012","1717","21","1761",""
"13","Level 1 Numeracy","Hawke's Bay","2019","0","0.968","0.019","1594","32","1646",""
"13","Level 1 Numeracy","Hawke's Bay","2020","0","0.97","0.022","1502","34","1549",""
"13","Level 1 Numeracy","Hawke's Bay","2021","0","0.962","0.013","1475","20","1533",""
"13","Level 1 Numeracy","Hawke's Bay","2022","0","0.962","0.012","1538","19","1598",""
"13","Level 1 Numeracy","Hawke's Bay","2023","0","0.97","0.016","1391","23","1434",""
"13","Level 1 Numeracy","Hawke's Bay","2024","0","0.965","0.022","1504","34","1558",""
"13","Level 1 Numeracy","Manawatu-Whanganui","2015","0","0.967","0.024","2186","54","2261",""
"13","Level 1 Numeracy","Manawatu-Whanganui","2016","0","0.96","0.029","2204","66","2295",""
"13","Level 1 Numeracy","Manawatu-Whanganui","2017","0","0.961","0.021","2218","49","2309",""
"13","Level 1 Numeracy","Manawatu-Whanganui","2018","0","0.968","0.018","2180","41","2251",""
"13","Level 1 Numeracy","Manawatu-Whanganui","2019","0","0.965","0.023","2094","49","2169",""
"13","Level 1 Numeracy","Manawatu-Whanganui","2020","0","0.959","0.034","1997","70","2083",""
"13","Level 1 Numeracy","Manawatu-Whanganui","2021","0","0.956","0.023","2099","50","2195",""
"13","Level 1 Numeracy","Manawatu-Whanganui","2022","0","0.954","0.025","1912","51","2005",""
"13","Level 1 Numeracy","Manawatu-Whanganui","2023","0","0.949","0.037","1962","77","2067",""
"13","Level 1 Numeracy","Manawatu-Whanganui","2024","0","0.936","0.045","1952","94","2085",""
"13","Level 1 Numeracy","Marlborough","2015","0","0.969","0.014","402","6","415",""
"13","Level 1 Numeracy","Marlborough","2016","0","0.978","0.017","354","6","362",""
"13","Level 1 Numeracy","Marlborough","2017","0","0.978","0.025","357","9","365",""
"13","Level 1 Numeracy","Marlborough","2018","0","0.978","0.022","312","7","319",""
"13","Level 1 Numeracy","Marlborough","2019","0","0.967","0.013","295","4","305",""
"13","Level 1 Numeracy","Marlborough","2020","0","0.967","0.033","319","11","330",""
"13","Level 1 Numeracy","Marlborough","2021","0","0.978","0.022","315","7","322",""
"13","Level 1 Numeracy","Marlborough","2022","0","0.958","0.011","272","3","284",""
"13","Level 1 Numeracy","Marlborough","2023","0","0.956","0.025","306","8","320",""
"13","Level 1 Numeracy","Marlborough","2024","0","0.959","0.035","305","11","318",""
"13","Level 1 Numeracy","Nelson","2015","0","0.977","0.02","601","12","615",""
"13","Level 1 Numeracy","Nelson","2016","0","0.984","0.034","557","19","566",""
"13","Level 1 Numeracy","Nelson","2017","0","0.983","0.017","624","11","635",""
"13","Level 1 Numeracy","Nelson","2018","0","0.978","0.02","582","12","595",""
"13","Level 1 Numeracy","Nelson","2019","0","0.979","0.012","560","7","572",""
"13","Level 1 Numeracy","Nelson","2020","0","0.987","0.018","549","10","556",""
"13","Level 1 Numeracy","Nelson","2021","0","0.98","0.01","590","6","602",""
"13","Level 1 Numeracy","Nelson","2022","0","0.983","0.017","564","10","574",""
"13","Level 1 Numeracy","Nelson","2023","0","0.988","0.021","513","11","519",""
"13","Level 1 Numeracy","Nelson","2024","0","0.958","0.018","545","10","569",""
"13","Level 1 Numeracy","Northland","2015","0","0.947","0.033","1388","49","1466",""
"13","Level 1 Numeracy","Northland","2016","0","0.947","0.024","1419","36","1498",""
"13","Level 1 Numeracy","Northland","2017","0","0.948","0.02","1417","30","1494",""
"13","Level 1 Numeracy","Northland","2018","0","0.948","0.026","1355","37","1430",""
"13","Level 1 Numeracy","Northland","2019","0","0.954","0.029","1251","38","1311",""
"13","Level 1 Numeracy","Northland","2020","0","0.953","0.019","1291","26","1355",""
"13","Level 1 Numeracy","Northland","2021","0","0.944","0.028","1327","40","1406",""
"13","Level 1 Numeracy","Northland","2022","0","0.934","0.024","1185","30","1269",""
"13","Level 1 Numeracy","Northland","2023","0","0.939","0.042","1244","55","1325",""
"13","Level 1 Numeracy","Northland","2024","0","0.93","0.038","1363","56","1466",""
"13","Level 1 Numeracy","Otago","2015","0","0.983","0.017","1955","34","1989",""
"13","Level 1 Numeracy","Otago","2016","0","0.978","0.011","1891","22","1934",""
"13","Level 1 Numeracy","Otago","2017","0","0.982","0.016","1959","32","1994",""
"13","Level 1 Numeracy","Otago","2018","0","0.981","0.011","1958","21","1995",""
"13","Level 1 Numeracy","Otago","2019","0","0.981","0.01","1942","19","1980",""
"13","Level 1 Numeracy","Otago","2020","0","0.983","0.015","1902","29","1935",""
"13","Level 1 Numeracy","Otago","2021","0","0.985","0.007","1946","14","1976",""
"13","Level 1 Numeracy","Otago","2022","0","0.986","0.01","1873","19","1900",""
"13","Level 1 Numeracy","Otago","2023","0","0.974","0.019","1785","35","1833",""
"13","Level 1 Numeracy","Otago","2024","0","0.968","0.022","1953","44","2018",""
"13","Level 1 Numeracy","Other","2015","0","0.716","0.068","2091","198","2920",""
"13","Level 1 Numeracy","Other","2016","0","0.738","0.078","2044","215","2768",""
"13","Level 1 Numeracy","Other","2017","0","0.76","0.068","1862","167","2449",""
"13","Level 1 Numeracy","Other","2018","0","0.681","0.088","1202","156","1766",""
"13","Level 1 Numeracy","Other","2019","0","0.701","0.084","1225","146","1748",""
"13","Level 1 Numeracy","Other","2020","0","0.671","0.09","1338","180","1993",""
"13","Level 1 Numeracy","Other","2021","0","0.679","0.084","1679","207","2471",""
"13","Level 1 Numeracy","Other","2022","0","0.665","0.086","1730","223","2603",""
"13","Level 1 Numeracy","Other","2023","0","0.684","0.096","1819","256","2660",""
"13","Level 1 Numeracy","Other","2024","0","0.66","0.056","2084","177","3159",""
"13","Level 1 Numeracy","Southland","2015","0","0.979","0.013","846","11","864",""
"13","Level 1 Numeracy","Southland","2016","0","0.975","0.018","847","16","869",""
"13","Level 1 Numeracy","Southland","2017","0","0.968","0.013","829","11","856",""
"13","Level 1 Numeracy","Southland","2018","0","0.974","0.014","779","11","800",""
"13","Level 1 Numeracy","Southland","2019","0","0.975","0.018","804","15","825",""
"13","Level 1 Numeracy","Southland","2020","0","0.972","0.017","755","13","777",""
"13","Level 1 Numeracy","Southland","2021","0","0.978","0.014","817","12","835",""
"13","Level 1 Numeracy","Southland","2022","0","0.974","0.012","745","9","765",""
"13","Level 1 Numeracy","Southland","2023","0","0.955","0.012","728","9","762",""
"13","Level 1 Numeracy","Southland","2024","0","0.956","0.041","767","33","802",""
"13","Level 1 Numeracy","Taranaki","2015","0","0.97","0.019","1066","21","1099",""
"13","Level 1 Numeracy","Taranaki","2016","0","0.972","0.024","1083","27","1114",""
"13","Level 1 Numeracy","Taranaki","2017","0","0.97","0.013","1093","15","1127",""
"13","Level 1 Numeracy","Taranaki","2018","0","0.982","0.012","1049","13","1068",""
"13","Level 1 Numeracy","Taranaki","2019","0","0.975","0.009","1028","9","1054",""
"13","Level 1 Numeracy","Taranaki","2020","0","0.982","0.015","1033","16","1052",""
"13","Level 1 Numeracy","Taranaki","2021","0","0.983","0.012","966","12","983",""
"13","Level 1 Numeracy","Taranaki","2022","0","0.975","0.008","948","8","972",""
"13","Level 1 Numeracy","Taranaki","2023","0","0.961","0.021","883","19","919",""
"13","Level 1 Numeracy","Taranaki","2024","0","0.966","0.024","975","24","1009",""
"13","Level 1 Numeracy","Tasman","2015","0","0.963","0.005","392","2","407",""
"13","Level 1 Numeracy","Tasman","2016","0","0.964","0.025","346","9","359",""
"13","Level 1 Numeracy","Tasman","2017","0","0.973","0.01","393","4","404",""
"13","Level 1 Numeracy","Tasman","2018","0","0.977","0.009","337","3","345",""
"13","Level 1 Numeracy","Tasman","2019","0","0.968","0.003","359","1","371",""
"13","Level 1 Numeracy","Tasman","2020","0","0.974","0.013","373","5","383",""
"13","Level 1 Numeracy","Tasman","2021","0","0.974","0.013","379","5","389",""
"13","Level 1 Numeracy","Tasman","2022","0","0.966","0.014","346","5","358",""
"13","Level 1 Numeracy","Tasman","2023","0","0.964","0.011","344","4","357",""
"13","Level 1 Numeracy","Tasman","2024","0","0.975","0.025","357","9","366",""
"13","Level 1 Numeracy","Waikato","2015","0","0.957","0.026","4123","111","4309",""
"13","Level 1 Numeracy","Waikato","2016","0","0.962","0.02","4051","86","4213",""
"13","Level 1 Numeracy","Waikato","2017","0","0.972","0.023","4065","97","4184",""
"13","Level 1 Numeracy","Waikato","2018","0","0.97","0.019","4088","80","4214",""
"13","Level 1 Numeracy","Waikato","2019","0","0.971","0.022","3928","88","4047",""
"13","Level 1 Numeracy","Waikato","2020","0","0.963","0.032","3965","132","4116",""
"13","Level 1 Numeracy","Waikato","2021","0","0.969","0.028","4063","118","4194",""
"13","Level 1 Numeracy","Waikato","2022","0","0.964","0.019","3879","77","4025",""
"13","Level 1 Numeracy","Waikato","2023","0","0.958","0.027","3799","107","3964",""
"13","Level 1 Numeracy","Waikato","2024","0","0.959","0.039","3976","161","4145",""
"13","Level 1 Numeracy","Wellington","2015","0","0.972","0.026","4982","134","5126",""
"13","Level 1 Numeracy","Wellington","2016","0","0.973","0.023","4963","115","5100",""
"13","Level 1 Numeracy","Wellington","2017","0","0.972","0.024","5164","125","5312",""
"13","Level 1 Numeracy","Wellington","2018","0","0.975","0.02","5063","104","5192",""
"13","Level 1 Numeracy","Wellington","2019","0","0.976","0.019","4908","96","5031",""
"13","Level 1 Numeracy","Wellington","2020","0","0.966","0.029","4901","146","5076",""
"13","Level 1 Numeracy","Wellington","2021","0","0.971","0.023","5100","123","5253",""
"13","Level 1 Numeracy","Wellington","2022","0","0.969","0.017","4807","83","4959",""
"13","Level 1 Numeracy","Wellington","2023","0","0.959","0.021","4737","104","4937",""
"13","Level 1 Numeracy","Wellington","2024","0","0.954","0.033","5045","175","5291",""
"13","Level 1 Numeracy","West Coast","2015","0","0.967","0.057","204","12","211",""
"13","Level 1 Numeracy","West Coast","2016","0","0.962","0.053","200","11","208",""
"13","Level 1 Numeracy","West Coast","2017","0","0.959","0.029","164","5","171",""
"13","Level 1 Numeracy","West Coast","2018","0","0.959","0.032","212","7","221",""
"13","Level 1 Numeracy","West Coast","2019","0","0.954","0.042","206","9","216",""
"13","Level 1 Numeracy","West Coast","2020","0","0.946","0.035","191","7","202",""
"13","Level 1 Numeracy","West Coast","2021","0","0.954","0.046","187","9","196",""
"13","Level 1 Numeracy","West Coast","2022","0","0.942","0.035","161","6","171",""
"13","Level 1 Numeracy","West Coast","2023","0","0.954","0.021","185","4","194",""
"13","Level 1 Numeracy","West Coast","2024","0","0.963","0.047","184","9","191",""
