"Year Level","Qualification","School Decile Band","Academic Year","Typical Level Flag","Cumulative Year Attainment Rate","Current Year Attainment Rate","Cumulative Year Attainment","Current Year Attainment","Total Student Count","Cohort Warning"
"11","NCEA Level 1","Decile 1-3","2009","1","0.447","0.44","5261","5173","11762",""
"11","NCEA Level 1","Decile 1-3","2010","1","0.468","0.462","5339","5269","11417",""
"11","NCEA Level 1","Decile 1-3","2011","1","0.454","0.445","5166","5062","11383",""
"11","NCEA Level 1","Decile 1-3","2012","1","0.48","0.468","5451","5318","11365",""
"11","NCEA Level 1","Decile 1-3","2013","1","0.558","0.549","6138","6041","10994",""
"11","NCEA Level 1","Decile 1-3","2014","1","0.585","0.577","6258","6172","10689",""
"11","NCEA Level 1","Decile 1-3","2015","1","0.617","0.612","7376","7306","11945",""
"11","NCEA Level 1","Decile 1-3","2016","1","0.634","0.625","7483","7384","11807",""
"11","NCEA Level 1","Decile 1-3","2017","1","0.634","0.627","7227","7145","11399",""
"11","NCEA Level 1","Decile 1-3","2018","1","0.584","0.575","6561","6460","11227",""
"11","NCEA Level 1","Decile 4-7","2009","1","0.615","0.607","16644","16436","27072",""
"11","NCEA Level 1","Decile 4-7","2010","1","0.635","0.628","17192","17011","27079",""
"11","NCEA Level 1","Decile 4-7","2011","1","0.647","0.639","17215","17002","26593",""
"11","NCEA Level 1","Decile 4-7","2012","1","0.669","0.661","16766","16589","25078",""
"11","NCEA Level 1","Decile 4-7","2013","1","0.713","0.707","17957","17802","25189",""
"11","NCEA Level 1","Decile 4-7","2014","1","0.746","0.739","18208","18050","24418",""
"11","NCEA Level 1","Decile 4-7","2015","1","0.772","0.763","20224","20004","26202",""
"11","NCEA Level 1","Decile 4-7","2016","1","0.781","0.775","20666","20492","26455",""
"11","NCEA Level 1","Decile 4-7","2017","1","0.782","0.775","20010","19826","25580",""
"11","NCEA Level 1","Decile 4-7","2018","1","0.752","0.745","19259","19083","25601",""
"11","NCEA Level 1","Decile 8-10","2009","1","0.722","0.72","16835","16777","23309",""
"11","NCEA Level 1","Decile 8-10","2010","1","0.749","0.746","17299","17233","23102",""
"11","NCEA Level 1","Decile 8-10","2011","1","0.761","0.758","17526","17448","23033",""
"11","NCEA Level 1","Decile 8-10","2012","1","0.773","0.767","17596","17460","22770",""
"11","NCEA Level 1","Decile 8-10","2013","1","0.799","0.793","18541","18407","23199",""
"11","NCEA Level 1","Decile 8-10","2014","1","0.807","0.802","18408","18294","22798",""
"11","NCEA Level 1","Decile 8-10","2015","1","0.832","0.829","17226","17153","20697",""
"11","NCEA Level 1","Decile 8-10","2016","1","0.832","0.829","17536","17465","21075",""
"11","NCEA Level 1","Decile 8-10","2017","1","0.819","0.815","17057","16965","20825",""
"11","NCEA Level 1","Decile 8-10","2018","1","0.81","0.806","16981","16896","20961",""
"12","NCEA Level 1","Decile 1-3","2009","0","0.677","0.174","6359","1632","9392",""
"12","NCEA Level 1","Decile 1-3","2010","0","0.712","0.182","6802","1736","9552",""
"12","NCEA Level 1","Decile 1-3","2011","0","0.712","0.169","6773","1605","9519",""
"12","NCEA Level 1","Decile 1-3","2012","0","0.737","0.191","7131","1852","9675",""
"12","NCEA Level 1","Decile 1-3","2013","0","0.792","0.234","7523","2217","9493",""
"12","NCEA Level 1","Decile 1-3","2014","0","0.822","0.182","7553","1669","9186",""
"12","NCEA Level 1","Decile 1-3","2015","0","0.85","0.184","8728","1889","10266",""
"12","NCEA Level 1","Decile 1-3","2016","0","0.858","0.166","8857","1709","10326",""
"12","NCEA Level 1","Decile 1-3","2017","0","0.856","0.152","8799","1562","10280",""
"12","NCEA Level 1","Decile 1-3","2018","0","0.851","0.143","8343","1400","9808",""
"12","NCEA Level 1","Decile 4-7","2009","0","0.821","0.134","19469","3174","23718",""
"12","NCEA Level 1","Decile 4-7","2010","0","0.832","0.142","19865","3380","23866",""
"12","NCEA Level 1","Decile 4-7","2011","0","0.842","0.132","19944","3125","23690",""
"12","NCEA Level 1","Decile 4-7","2012","0","0.849","0.133","19619","3061","23098",""
"12","NCEA Level 1","Decile 4-7","2013","0","0.888","0.151","19768","3367","22257",""
"12","NCEA Level 1","Decile 4-7","2014","0","0.906","0.128","20451","2901","22578",""
"12","NCEA Level 1","Decile 4-7","2015","0","0.919","0.111","21511","2590","23412",""
"12","NCEA Level 1","Decile 4-7","2016","0","0.924","0.106","22394","2567","24242",""
"12","NCEA Level 1","Decile 4-7","2017","0","0.927","0.098","22514","2382","24299",""
"12","NCEA Level 1","Decile 4-7","2018","0","0.925","0.096","21712","2262","23478",""
"12","NCEA Level 1","Decile 8-10","2009","0","0.848","0.093","18224","2002","21503",""
"12","NCEA Level 1","Decile 8-10","2010","0","0.862","0.101","18595","2168","21564",""
"12","NCEA Level 1","Decile 8-10","2011","0","0.869","0.087","19054","1899","21929",""
"12","NCEA Level 1","Decile 8-10","2012","0","0.879","0.085","19201","1863","21850",""
"12","NCEA Level 1","Decile 8-10","2013","0","0.892","0.094","19381","2039","21732",""
"12","NCEA Level 1","Decile 8-10","2014","0","0.902","0.08","20129","1780","22323",""
"12","NCEA Level 1","Decile 8-10","2015","0","0.905","0.073","17468","1401","19301",""
"12","NCEA Level 1","Decile 8-10","2016","0","0.915","0.069","18638","1406","20366",""
"12","NCEA Level 1","Decile 8-10","2017","0","0.917","0.07","18838","1438","20539",""
"12","NCEA Level 1","Decile 8-10","2018","0","0.919","0.083","18581","1676","20216",""
"13","NCEA Level 1","Decile 1-3","2009","0","0.813","0.059","5524","398","6796",""
"13","NCEA Level 1","Decile 1-3","2010","0","0.808","0.058","5982","431","7408",""
"13","NCEA Level 1","Decile 1-3","2011","0","0.831","0.05","6245","374","7518",""
"13","NCEA Level 1","Decile 1-3","2012","0","0.854","0.062","6655","487","7795",""
"13","NCEA Level 1","Decile 1-3","2013","0","0.883","0.084","6912","661","7824",""
"13","NCEA Level 1","Decile 1-3","2014","0","0.902","0.05","6932","385","7686",""
"13","NCEA Level 1","Decile 1-3","2015","0","0.919","0.047","7795","400","8479",""
"13","NCEA Level 1","Decile 1-3","2016","0","0.929","0.039","7922","331","8527",""
"13","NCEA Level 1","Decile 1-3","2017","0","0.93","0.031","7768","262","8350",""
"13","NCEA Level 1","Decile 1-3","2018","0","0.932","0.035","7732","291","8293",""
"13","NCEA Level 1","Decile 4-7","2009","0","0.897","0.03","15604","518","17388",""
"13","NCEA Level 1","Decile 4-7","2010","0","0.908","0.032","16875","600","18580",""
"13","NCEA Level 1","Decile 4-7","2011","0","0.906","0.027","17058","515","18825",""
"13","NCEA Level 1","Decile 4-7","2012","0","0.918","0.034","16888","617","18391",""
"13","NCEA Level 1","Decile 4-7","2013","0","0.931","0.047","17352","871","18636",""
"13","NCEA Level 1","Decile 4-7","2014","0","0.944","0.026","17148","465","18159",""
"13","NCEA Level 1","Decile 4-7","2015","0","0.953","0.022","18825","429","19749",""
"13","NCEA Level 1","Decile 4-7","2016","0","0.954","0.02","18531","383","19423",""
"13","NCEA Level 1","Decile 4-7","2017","0","0.957","0.018","18876","357","19729",""
"13","NCEA Level 1","Decile 4-7","2018","0","0.958","0.017","18655","336","19469",""
"13","NCEA Level 1","Decile 8-10","2009","0","0.89","0.019","15660","343","17596",""
"13","NCEA Level 1","Decile 8-10","2010","0","0.893","0.022","16202","403","18145",""
"13","NCEA Level 1","Decile 8-10","2011","0","0.899","0.016","16553","288","18406",""
"13","NCEA Level 1","Decile 8-10","2012","0","0.898","0.016","16967","307","18887",""
"13","NCEA Level 1","Decile 8-10","2013","0","0.91","0.021","17416","411","19141",""
"13","NCEA Level 1","Decile 8-10","2014","0","0.911","0.015","17446","280","19141",""
"13","NCEA Level 1","Decile 8-10","2015","0","0.924","0.012","16067","213","17380",""
"13","NCEA Level 1","Decile 8-10","2016","0","0.923","0.015","16057","263","17398",""
"13","NCEA Level 1","Decile 8-10","2017","0","0.931","0.015","16959","265","18216",""
"13","NCEA Level 1","Decile 8-10","2018","0","0.933","0.013","16785","239","17988",""
"11","NCEA Level 2","Decile 1-3","2009","0","0.015","0.013","178","153","11762",""
"11","NCEA Level 2","Decile 1-3","2010","0","0.02","0.015","226","175","11417",""
"11","NCEA Level 2","Decile 1-3","2011","0","0.017","0.012","194","140","11383",""
"11","NCEA Level 2","Decile 1-3","2012","0","0.021","0.013","237","152","11365",""
"11","NCEA Level 2","Decile 1-3","2013","0","0.023","0.021","251","231","10994",""
"11","NCEA Level 2","Decile 1-3","2014","0","0.022","0.02","231","218","10689",""
"11","NCEA Level 2","Decile 1-3","2015","0","0.019","0.018","223","210","11945",""
"11","NCEA Level 2","Decile 1-3","2016","0","0.023","0.021","269","244","11807",""
"11","NCEA Level 2","Decile 1-3","2017","0","0.028","0.026","314","301","11399",""
"11","NCEA Level 2","Decile 1-3","2018","0","0.019","0.018","216","202","11227",""
"11","NCEA Level 2","Decile 4-7","2009","0","0.011","0.01","298","284","27072",""
"11","NCEA Level 2","Decile 4-7","2010","0","0.012","0.012","332","317","27079",""
"11","NCEA Level 2","Decile 4-7","2011","0","0.012","0.012","332","313","26593",""
"11","NCEA Level 2","Decile 4-7","2012","0","0.012","0.011","305","285","25078",""
"11","NCEA Level 2","Decile 4-7","2013","0","0.014","0.013","354","339","25189",""
"11","NCEA Level 2","Decile 4-7","2014","0","0.015","0.015","377","369","24418",""
"11","NCEA Level 2","Decile 4-7","2015","0","0.016","0.015","410","391","26202",""
"11","NCEA Level 2","Decile 4-7","2016","0","0.017","0.016","438","424","26455",""
"11","NCEA Level 2","Decile 4-7","2017","0","0.016","0.016","407","398","25580",""
"11","NCEA Level 2","Decile 4-7","2018","0","0.012","0.012","316","309","25601",""
"11","NCEA Level 2","Decile 8-10","2009","0","0.01","0.01","237","229","23309",""
"11","NCEA Level 2","Decile 8-10","2010","0","0.01","0.01","228","221","23102",""
"11","NCEA Level 2","Decile 8-10","2011","0","0.011","0.01","249","238","23033",""
"11","NCEA Level 2","Decile 8-10","2012","0","0.011","0.011","253","248","22770",""
"11","NCEA Level 2","Decile 8-10","2013","0","0.012","0.012","288","279","23199",""
"11","NCEA Level 2","Decile 8-10","2014","0","0.01","0.01","220","218","22798",""
"11","NCEA Level 2","Decile 8-10","2015","0","0.012","0.012","255","252","20697",""
"11","NCEA Level 2","Decile 8-10","2016","0","0.011","0.01","223","221","21075",""
"11","NCEA Level 2","Decile 8-10","2017","0","0.013","0.013","266","263","20825",""
"11","NCEA Level 2","Decile 8-10","2018","0","0.01","0.01","215","213","20961",""
"12","NCEA Level 2","Decile 1-3","2009","1","0.449","0.434","4219","4077","9392",""
"12","NCEA Level 2","Decile 1-3","2010","1","0.489","0.468","4675","4470","9552",""
"12","NCEA Level 2","Decile 1-3","2011","1","0.518","0.49","4927","4666","9519",""
"12","NCEA Level 2","Decile 1-3","2012","1","0.539","0.514","5211","4970","9675",""
"12","NCEA Level 2","Decile 1-3","2013","1","0.601","0.573","5705","5435","9493",""
"12","NCEA Level 2","Decile 1-3","2014","1","0.652","0.622","5987","5718","9186",""
"12","NCEA Level 2","Decile 1-3","2015","1","0.68","0.656","6978","6735","10266",""
"12","NCEA Level 2","Decile 1-3","2016","1","0.708","0.681","7312","7028","10326",""
"12","NCEA Level 2","Decile 1-3","2017","1","0.714","0.684","7337","7030","10280",""
"12","NCEA Level 2","Decile 1-3","2018","1","0.695","0.663","6817","6504","9808",""
"12","NCEA Level 2","Decile 4-7","2009","1","0.621","0.603","14738","14293","23718",""
"12","NCEA Level 2","Decile 4-7","2010","1","0.65","0.631","15503","15067","23866",""
"12","NCEA Level 2","Decile 4-7","2011","1","0.676","0.657","16026","15557","23690",""
"12","NCEA Level 2","Decile 4-7","2012","1","0.695","0.676","16053","15619","23098",""
"12","NCEA Level 2","Decile 4-7","2013","1","0.742","0.727","16511","16174","22257",""
"12","NCEA Level 2","Decile 4-7","2014","1","0.776","0.757","17518","17082","22578",""
"12","NCEA Level 2","Decile 4-7","2015","1","0.798","0.778","18679","18218","23412",""
"12","NCEA Level 2","Decile 4-7","2016","1","0.815","0.792","19755","19207","24242",""
"12","NCEA Level 2","Decile 4-7","2017","1","0.813","0.792","19765","19246","24299",""
"12","NCEA Level 2","Decile 4-7","2018","1","0.801","0.779","18815","18286","23478",""
"12","NCEA Level 2","Decile 8-10","2009","1","0.727","0.713","15637","15325","21503",""
"12","NCEA Level 2","Decile 8-10","2010","1","0.742","0.728","16003","15698","21564",""
"12","NCEA Level 2","Decile 8-10","2011","1","0.759","0.744","16638","16321","21929",""
"12","NCEA Level 2","Decile 8-10","2012","1","0.776","0.761","16959","16632","21850",""
"12","NCEA Level 2","Decile 8-10","2013","1","0.799","0.785","17361","17049","21732",""
"12","NCEA Level 2","Decile 8-10","2014","1","0.819","0.803","18275","17925","22323",""
"12","NCEA Level 2","Decile 8-10","2015","1","0.828","0.817","15985","15764","19301",""
"12","NCEA Level 2","Decile 8-10","2016","1","0.85","0.834","17307","16991","20366",""
"12","NCEA Level 2","Decile 8-10","2017","1","0.847","0.831","17387","17067","20539",""
"12","NCEA Level 2","Decile 8-10","2018","1","0.842","0.826","17016","16692","20216",""
"13","NCEA Level 2","Decile 1-3","2009","0","0.707","0.163","4805","1109","6796",""
"13","NCEA Level 2","Decile 1-3","2010","0","0.726","0.192","5380","1421","7408",""
"13","NCEA Level 2","Decile 1-3","2011","0","0.754","0.179","5670","1349","7518",""
"13","NCEA Level 2","Decile 1-3","2012","0","0.793","0.176","6183","1375","7795",""
"13","NCEA Level 2","Decile 1-3","2013","0","0.817","0.197","6389","1543","7824",""
"13","NCEA Level 2","Decile 1-3","2014","0","0.839","0.155","6451","1190","7686",""
"13","NCEA Level 2","Decile 1-3","2015","0","0.868","0.136","7363","1157","8479",""
"13","NCEA Level 2","Decile 1-3","2016","0","0.882","0.129","7521","1098","8527",""
"13","NCEA Level 2","Decile 1-3","2017","0","0.89","0.103","7435","863","8350",""
"13","NCEA Level 2","Decile 1-3","2018","0","0.894","0.103","7412","852","8293",""
"13","NCEA Level 2","Decile 4-7","2009","0","0.836","0.113","14530","1967","17388",""
"13","NCEA Level 2","Decile 4-7","2010","0","0.846","0.128","15712","2383","18580",""
"13","NCEA Level 2","Decile 4-7","2011","0","0.851","0.117","16020","2196","18825",""
"13","NCEA Level 2","Decile 4-7","2012","0","0.875","0.116","16100","2125","18391",""
"13","NCEA Level 2","Decile 4-7","2013","0","0.887","0.119","16532","2219","18636",""
"13","NCEA Level 2","Decile 4-7","2014","0","0.907","0.099","16470","1790","18159",""
"13","NCEA Level 2","Decile 4-7","2015","0","0.923","0.081","18236","1598","19749",""
"13","NCEA Level 2","Decile 4-7","2016","0","0.925","0.074","17963","1440","19423",""
"13","NCEA Level 2","Decile 4-7","2017","0","0.931","0.068","18373","1346","19729",""
"13","NCEA Level 2","Decile 4-7","2018","0","0.931","0.063","18118","1224","19469",""
"13","NCEA Level 2","Decile 8-10","2009","0","0.852","0.072","14998","1272","17596",""
"13","NCEA Level 2","Decile 8-10","2010","0","0.857","0.075","15559","1362","18145",""
"13","NCEA Level 2","Decile 8-10","2011","0","0.864","0.068","15901","1252","18406",""
"13","NCEA Level 2","Decile 8-10","2012","0","0.867","0.065","16375","1222","18887",""
"13","NCEA Level 2","Decile 8-10","2013","0","0.876","0.064","16768","1229","19141",""
"13","NCEA Level 2","Decile 8-10","2014","0","0.882","0.052","16891","1001","19141",""
"13","NCEA Level 2","Decile 8-10","2015","0","0.898","0.044","15605","760","17380",""
"13","NCEA Level 2","Decile 8-10","2016","0","0.896","0.043","15588","751","17398",""
"13","NCEA Level 2","Decile 8-10","2017","0","0.909","0.038","16560","687","18216",""
"13","NCEA Level 2","Decile 8-10","2018","0","0.91","0.04","16362","721","17988",""
"11","NCEA Level 3","Decile 1-3","2009","0","0.002","0.002","24","18","11762",""
"11","NCEA Level 3","Decile 1-3","2010","0","0.002","0.002","25","21","11417",""
"11","NCEA Level 3","Decile 1-3","2011","0","0.002","0.002","19","18","11383",""
"11","NCEA Level 3","Decile 1-3","2012","0","0.003","0.002","32","25","11365",""
"11","NCEA Level 3","Decile 1-3","2013","0","0.002","0.002","25","21","10994",""
"11","NCEA Level 3","Decile 1-3","2014","0","0.002","0.001","21","13","10689",""
"11","NCEA Level 3","Decile 1-3","2015","0","0.001","0.001","16","11","11945",""
"11","NCEA Level 3","Decile 1-3","2016","0","0.002","0.002","25","22","11807",""
"11","NCEA Level 3","Decile 1-3","2017","0","0.005","0.005","55","55","11399",""
"11","NCEA Level 3","Decile 1-3","2018","0","0.004","0.004","48","42","11227",""
"11","NCEA Level 3","Decile 4-7","2009","0","0","0","8","8","27072",""
"11","NCEA Level 3","Decile 4-7","2010","0","0.001","0.001","16","15","27079",""
"11","NCEA Level 3","Decile 4-7","2011","0","0.001","0.001","28","26","26593",""
"11","NCEA Level 3","Decile 4-7","2012","0","0.001","0.001","25","22","25078",""
"11","NCEA Level 3","Decile 4-7","2013","0","0.001","0.001","19","16","25189",""
"11","NCEA Level 3","Decile 4-7","2014","0","0","0","12","11","24418",""
"11","NCEA Level 3","Decile 4-7","2015","0","0.001","0","14","11","26202",""
"11","NCEA Level 3","Decile 4-7","2016","0","0.001","0","14","13","26455",""
"11","NCEA Level 3","Decile 4-7","2017","0","0.001","0.001","14","14","25580",""
"11","NCEA Level 3","Decile 4-7","2018","0","0","0","12","12","25601",""
"11","NCEA Level 3","Decile 8-10","2009","0","0","0","7","7","23309",""
"11","NCEA Level 3","Decile 8-10","2010","0","0","0","6","5","23102",""
"11","NCEA Level 3","Decile 8-10","2011","0","0.001","0.001","12","12","23033",""
"11","NCEA Level 3","Decile 8-10","2012","0","0","0","4","4","22770",""
"11","NCEA Level 3","Decile 8-10","2013","0","0","0","10","8","23199",""
"11","NCEA Level 3","Decile 8-10","2014","0","0","0","3","3","22798",""
"11","NCEA Level 3","Decile 8-10","2015","0","0","0","7","5","20697",""
"11","NCEA Level 3","Decile 8-10","2016","0","0","0","5","5","21075",""
"11","NCEA Level 3","Decile 8-10","2017","0","0","0","7","7","20825",""
"11","NCEA Level 3","Decile 8-10","2018","0","0","0","1","1","20961",""
"12","NCEA Level 3","Decile 1-3","2009","0","0.008","0.007","79","62","9392",""
"12","NCEA Level 3","Decile 1-3","2010","0","0.01","0.008","99","74","9552",""
"12","NCEA Level 3","Decile 1-3","2011","0","0.013","0.011","127","105","9519",""
"12","NCEA Level 3","Decile 1-3","2012","0","0.01","0.008","94","74","9675",""
"12","NCEA Level 3","Decile 1-3","2013","0","0.017","0.015","163","144","9493",""
"12","NCEA Level 3","Decile 1-3","2014","0","0.013","0.011","115","99","9186",""
"12","NCEA Level 3","Decile 1-3","2015","0","0.014","0.012","145","125","10266",""
"12","NCEA Level 3","Decile 1-3","2016","0","0.013","0.012","135","120","10326",""
"12","NCEA Level 3","Decile 1-3","2017","0","0.017","0.015","179","153","10280",""
"12","NCEA Level 3","Decile 1-3","2018","0","0.016","0.01","155","99","9808",""
"12","NCEA Level 3","Decile 4-7","2009","0","0.008","0.007","188","175","23718",""
"12","NCEA Level 3","Decile 4-7","2010","0","0.007","0.006","159","149","23866",""
"12","NCEA Level 3","Decile 4-7","2011","0","0.009","0.008","216","201","23690",""
"12","NCEA Level 3","Decile 4-7","2012","0","0.009","0.008","199","184","23098",""
"12","NCEA Level 3","Decile 4-7","2013","0","0.01","0.009","212","205","22257",""
"12","NCEA Level 3","Decile 4-7","2014","0","0.009","0.008","200","188","22578",""
"12","NCEA Level 3","Decile 4-7","2015","0","0.009","0.008","204","198","23412",""
"12","NCEA Level 3","Decile 4-7","2016","0","0.01","0.01","249","237","24242",""
"12","NCEA Level 3","Decile 4-7","2017","0","0.009","0.009","220","212","24299",""
"12","NCEA Level 3","Decile 4-7","2018","0","0.009","0.009","214","201","23478",""
"12","NCEA Level 3","Decile 8-10","2009","0","0.006","0.006","127","125","21503",""
"12","NCEA Level 3","Decile 8-10","2010","0","0.007","0.007","160","158","21564",""
"12","NCEA Level 3","Decile 8-10","2011","0","0.009","0.009","194","191","21929",""
"12","NCEA Level 3","Decile 8-10","2012","0","0.008","0.008","170","165","21850",""
"12","NCEA Level 3","Decile 8-10","2013","0","0.009","0.008","185","183","21732",""
"12","NCEA Level 3","Decile 8-10","2014","0","0.008","0.008","179","173","22323",""
"12","NCEA Level 3","Decile 8-10","2015","0","0.008","0.008","151","149","19301",""
"12","NCEA Level 3","Decile 8-10","2016","0","0.008","0.008","168","163","20366",""
"12","NCEA Level 3","Decile 8-10","2017","0","0.007","0.007","147","143","20539",""
"12","NCEA Level 3","Decile 8-10","2018","0","0.008","0.008","156","153","20216",""
"13","NCEA Level 3","Decile 1-3","2009","1","0.317","0.306","2156","2080","6796",""
"13","NCEA Level 3","Decile 1-3","2010","1","0.33","0.32","2444","2368","7408",""
"13","NCEA Level 3","Decile 1-3","2011","1","0.37","0.357","2782","2683","7518",""
"13","NCEA Level 3","Decile 1-3","2012","1","0.417","0.399","3252","3108","7795",""
"13","NCEA Level 3","Decile 1-3","2013","1","0.435","0.416","3405","3252","7824",""
"13","NCEA Level 3","Decile 1-3","2014","1","0.456","0.431","3507","3310","7686",""
"13","NCEA Level 3","Decile 1-3","2015","1","0.501","0.48","4246","4066","8479",""
"13","NCEA Level 3","Decile 1-3","2016","1","0.539","0.516","4595","4399","8527",""
"13","NCEA Level 3","Decile 1-3","2017","1","0.556","0.535","4642","4471","8350",""
"13","NCEA Level 3","Decile 1-3","2018","1","0.569","0.543","4722","4504","8293",""
"13","NCEA Level 3","Decile 4-7","2009","1","0.506","0.494","8793","8594","17388",""
"13","NCEA Level 3","Decile 4-7","2010","1","0.515","0.504","9561","9366","18580",""
"13","NCEA Level 3","Decile 4-7","2011","1","0.529","0.518","9956","9748","18825",""
"13","NCEA Level 3","Decile 4-7","2012","1","0.554","0.542","10186","9968","18391",""
"13","NCEA Level 3","Decile 4-7","2013","1","0.579","0.564","10783","10504","18636",""
"13","NCEA Level 3","Decile 4-7","2014","1","0.599","0.585","10869","10629","18159",""
"13","NCEA Level 3","Decile 4-7","2015","1","0.645","0.625","12729","12334","19749",""
"13","NCEA Level 3","Decile 4-7","2016","1","0.652","0.629","12662","12211","19423",""
"13","NCEA Level 3","Decile 4-7","2017","1","0.661","0.64","13049","12629","19729",""
"13","NCEA Level 3","Decile 4-7","2018","1","0.663","0.643","12905","12514","19469",""
"13","NCEA Level 3","Decile 8-10","2009","1","0.629","0.623","11070","10955","17596",""
"13","NCEA Level 3","Decile 8-10","2010","1","0.647","0.639","11741","11602","18145",""
"13","NCEA Level 3","Decile 8-10","2011","1","0.662","0.654","12177","12041","18406",""
"13","NCEA Level 3","Decile 8-10","2012","1","0.668","0.659","12618","12452","18887",""
"13","NCEA Level 3","Decile 8-10","2013","1","0.691","0.683","13222","13068","19141",""
"13","NCEA Level 3","Decile 8-10","2014","1","0.712","0.704","13632","13474","19141",""
"13","NCEA Level 3","Decile 8-10","2015","1","0.746","0.738","12974","12824","17380",""
"13","NCEA Level 3","Decile 8-10","2016","1","0.758","0.745","13192","12954","17398",""
"13","NCEA Level 3","Decile 8-10","2017","1","0.764","0.756","13925","13765","18216",""
"13","NCEA Level 3","Decile 8-10","2018","1","0.765","0.757","13756","13616","17988",""
"11","University Entrance","Decile 1-3","2009","0","0","0","0","0","11762",""
"11","University Entrance","Decile 1-3","2010","0","0","0","1","1","11417",""
"11","University Entrance","Decile 1-3","2011","0","0.001","0.001","7","7","11383",""
"11","University Entrance","Decile 1-3","2012","0","0.001","0.001","12","11","11365",""
"11","University Entrance","Decile 1-3","2013","0","0","0","2","1","10994",""
"11","University Entrance","Decile 1-3","2014","0","0","0","3","3","10689",""
"11","University Entrance","Decile 1-3","2015","0","0","0","3","2","11945",""
"11","University Entrance","Decile 1-3","2016","0","0","0","2","1","11807",""
"11","University Entrance","Decile 1-3","2017","0","0","0","2","2","11399",""
"11","University Entrance","Decile 1-3","2018","0","0","0","1","1","11227",""
"11","University Entrance","Decile 4-7","2009","0","0","0","1","1","27072",""
"11","University Entrance","Decile 4-7","2010","0","0","0","4","3","27079",""
"11","University Entrance","Decile 4-7","2011","0","0","0","5","5","26593",""
"11","University Entrance","Decile 4-7","2012","0","0","0","2","2","25078",""
"11","University Entrance","Decile 4-7","2013","0","0","0","5","2","25189",""
"11","University Entrance","Decile 4-7","2014","0","0","0","5","5","24418",""
"11","University Entrance","Decile 4-7","2015","0","0","0","3","3","26202",""
"11","University Entrance","Decile 4-7","2016","0","0","0","2","2","26455",""
"11","University Entrance","Decile 4-7","2017","0","0","0","4","4","25580",""
"11","University Entrance","Decile 4-7","2018","0","0","0","3","3","25601",""
"11","University Entrance","Decile 8-10","2009","0","0","0","3","3","23309",""
"11","University Entrance","Decile 8-10","2010","0","0","0","0","0","23102",""
"11","University Entrance","Decile 8-10","2011","0","0","0","4","4","23033",""
"11","University Entrance","Decile 8-10","2012","0","0","0","0","0","22770",""
"11","University Entrance","Decile 8-10","2013","0","0","0","0","0","23199",""
"11","University Entrance","Decile 8-10","2014","0","0","0","1","1","22798",""
"11","University Entrance","Decile 8-10","2015","0","0","0","4","3","20697",""
"11","University Entrance","Decile 8-10","2016","0","0","0","1","1","21075",""
"11","University Entrance","Decile 8-10","2017","0","0","0","0","0","20825",""
"11","University Entrance","Decile 8-10","2018","0","0","0","1","1","20961",""
"12","University Entrance","Decile 1-3","2009","0","0.003","0.003","27","25","9392",""
"12","University Entrance","Decile 1-3","2010","0","0.003","0.003","27","25","9552",""
"12","University Entrance","Decile 1-3","2011","0","0.003","0.003","31","29","9519",""
"12","University Entrance","Decile 1-3","2012","0","0.004","0.003","35","30","9675",""
"12","University Entrance","Decile 1-3","2013","0","0.004","0.003","37","28","9493",""
"12","University Entrance","Decile 1-3","2014","0","0.001","0.001","10","8","9186",""
"12","University Entrance","Decile 1-3","2015","0","0.002","0.002","24","20","10266",""
"12","University Entrance","Decile 1-3","2016","0","0.003","0.003","35","32","10326",""
"12","University Entrance","Decile 1-3","2017","0","0.002","0.002","18","16","10280",""
"12","University Entrance","Decile 1-3","2018","0","0.002","0.002","17","15","9808",""
"12","University Entrance","Decile 4-7","2009","0","0.006","0.005","135","126","23718",""
"12","University Entrance","Decile 4-7","2010","0","0.004","0.004","102","97","23866",""
"12","University Entrance","Decile 4-7","2011","0","0.003","0.003","80","76","23690",""
"12","University Entrance","Decile 4-7","2012","0","0.005","0.004","110","102","23098",""
"12","University Entrance","Decile 4-7","2013","0","0.007","0.007","147","145","22257",""
"12","University Entrance","Decile 4-7","2014","0","0.005","0.005","121","114","22578",""
"12","University Entrance","Decile 4-7","2015","0","0.006","0.006","137","132","23412",""
"12","University Entrance","Decile 4-7","2016","0","0.007","0.006","159","154","24242",""
"12","University Entrance","Decile 4-7","2017","0","0.005","0.005","121","118","24299",""
"12","University Entrance","Decile 4-7","2018","0","0.005","0.005","121","117","23478",""
"12","University Entrance","Decile 8-10","2009","0","0.005","0.005","118","115","21503",""
"12","University Entrance","Decile 8-10","2010","0","0.006","0.006","138","138","21564",""
"12","University Entrance","Decile 8-10","2011","0","0.006","0.006","137","136","21929",""
"12","University Entrance","Decile 8-10","2012","0","0.006","0.006","127","124","21850",""
"12","University Entrance","Decile 8-10","2013","0","0.009","0.009","203","203","21732",""
"12","University Entrance","Decile 8-10","2014","0","0.007","0.007","150","146","22323",""
"12","University Entrance","Decile 8-10","2015","0","0.007","0.007","136","135","19301",""
"12","University Entrance","Decile 8-10","2016","0","0.008","0.008","169","167","20366",""
"12","University Entrance","Decile 8-10","2017","0","0.006","0.006","126","124","20539",""
"12","University Entrance","Decile 8-10","2018","0","0.006","0.006","122","120","20216",""
"13","University Entrance","Decile 1-3","2009","1","0.253","0.247","1721","1681","6796",""
"13","University Entrance","Decile 1-3","2010","1","0.236","0.232","1747","1718","7408",""
"13","University Entrance","Decile 1-3","2011","1","0.257","0.252","1935","1896","7518",""
"13","University Entrance","Decile 1-3","2012","1","0.295","0.288","2299","2244","7795",""
"13","University Entrance","Decile 1-3","2013","1","0.314","0.305","2460","2384","7824",""
"13","University Entrance","Decile 1-3","2014","1","0.241","0.233","1853","1789","7686",""
"13","University Entrance","Decile 1-3","2015","1","0.264","0.261","2242","2216","8479",""
"13","University Entrance","Decile 1-3","2016","1","0.281","0.277","2400","2360","8527",""
"13","University Entrance","Decile 1-3","2017","1","0.274","0.268","2288","2237","8350",""
"13","University Entrance","Decile 1-3","2018","1","0.278","0.273","2305","2268","8293",""
"13","University Entrance","Decile 4-7","2009","1","0.451","0.443","7838","7708","17388",""
"13","University Entrance","Decile 4-7","2010","1","0.448","0.441","8330","8201","18580",""
"13","University Entrance","Decile 4-7","2011","1","0.454","0.447","8545","8411","18825",""
"13","University Entrance","Decile 4-7","2012","1","0.477","0.469","8781","8618","18391",""
"13","University Entrance","Decile 4-7","2013","1","0.505","0.492","9403","9169","18636",""
"13","University Entrance","Decile 4-7","2014","1","0.436","0.424","7909","7691","18159",""
"13","University Entrance","Decile 4-7","2015","1","0.483","0.471","9546","9297","19749",""
"13","University Entrance","Decile 4-7","2016","1","0.478","0.462","9277","8971","19423",""
"13","University Entrance","Decile 4-7","2017","1","0.472","0.457","9320","9013","19729",""
"13","University Entrance","Decile 4-7","2018","1","0.472","0.459","9188","8943","19469",""
"13","University Entrance","Decile 8-10","2009","1","0.601","0.595","10567","10473","17596",""
"13","University Entrance","Decile 8-10","2010","1","0.604","0.597","10952","10829","18145",""
"13","University Entrance","Decile 8-10","2011","1","0.616","0.609","11339","11214","18406",""
"13","University Entrance","Decile 8-10","2012","1","0.628","0.621","11860","11722","18887",""
"13","University Entrance","Decile 8-10","2013","1","0.657","0.65","12580","12447","19141",""
"13","University Entrance","Decile 8-10","2014","1","0.614","0.604","11760","11564","19141",""
"13","University Entrance","Decile 8-10","2015","1","0.649","0.642","11277","11155","17380",""
"13","University Entrance","Decile 8-10","2016","1","0.664","0.651","11550","11324","17398",""
"13","University Entrance","Decile 8-10","2017","1","0.662","0.653","12062","11893","18216",""
"13","University Entrance","Decile 8-10","2018","1","0.653","0.647","11752","11633","17988",""
