"Year Level","Qualification","Ethnicity","Academic Year","Typical Level Flag","Cumulative Year Attainment Rate - Excellence Endorsement","Current Year Attainment Rate - Excellence Endorsement","Cumulative Year Attainment Rate - Merit Endorsement","Current Year Attainment Rate - Merit Endorsement","Cumulative Year Attainment Rate - No Endorsement","Current Year Attainment Rate - No Endorsement","Cumulative Year Attainment - Excellence Endorsement","Current Year Attainment - Excellence Endorsement","Cumulative Year Attainment - Merit Endorsement","Current Year Attainment - Merit Endorsement","Cumulative Year Attainment - No Endorsement","Current Year Attainment - No Endorsement","Cumulative Year Attainment","Current Year Attainment","Total Student Count","Cohort Warning"
"11","NCEA Level 1","Maori","2015","1","0.086","0.086","0.262","0.264","0.652","0.65","775","768","2367","2354","5892","5799","9034","8921","14702",""
"11","NCEA Level 1","Maori","2016","1","0.094","0.095","0.255","0.256","0.65","0.649","899","891","2430","2406","6186","6092","9515","9389","15052",""
"11","NCEA Level 1","Maori","2017","1","0.095","0.096","0.263","0.264","0.642","0.64","865","860","2383","2368","5822","5734","9070","8962","14410",""
"11","NCEA Level 1","Maori","2018","1","0.096","0.097","0.268","0.268","0.636","0.635","812","804","2255","2227","5355","5277","8422","8308","14410",""
"11","NCEA Level 1","Maori","2019","1","0.096","0.096","0.271","0.272","0.633","0.632","818","808","2311","2284","5408","5301","8537","8393","14804",""
"11","NCEA Level 1","Maori","2020","1","0.101","0.1","0.259","0.259","0.641","0.642","920","901","2365","2332","5860","5788","9145","9021","15035",""
"11","NCEA Level 1","Maori","2021","1","0.107","0.107","0.256","0.257","0.637","0.636","986","965","2349","2316","5853","5725","9188","9006","15930",""
"11","NCEA Level 1","Maori","2022","1","0.097","0.099","0.244","0.246","0.659","0.655","878","870","2197","2171","5934","5773","9009","8814","16717",""
"11","NCEA Level 1","Maori","2023","1","0.09","0.091","0.238","0.24","0.672","0.669","819","808","2156","2135","6087","5943","9062","8886","17473",""
"11","NCEA Level 1","Maori","2024","1","0.067","0.063","0.195","0.196","0.738","0.741","492","442","1426","1378","5405","5207","7323","7027","17905",""
"11","NCEA Level 1","European","2015","1","0.206","0.205","0.348","0.35","0.446","0.445","6324","6271","10716","10673","13719","13580","30759","30524","38358",""
"11","NCEA Level 1","European","2016","1","0.216","0.217","0.352","0.353","0.432","0.43","6728","6697","10956","10920","13455","13299","31139","30916","38515",""
"11","NCEA Level 1","European","2017","1","0.221","0.221","0.352","0.354","0.427","0.425","6729","6670","10708","10675","13005","12844","30442","30189","37821",""
"11","NCEA Level 1","European","2018","1","0.224","0.224","0.363","0.364","0.413","0.412","6553","6506","10635","10605","12117","11986","29305","29097","37571",""
"11","NCEA Level 1","European","2019","1","0.213","0.213","0.359","0.361","0.428","0.426","6289","6247","10621","10591","12657","12519","29567","29357","38879",""
"11","NCEA Level 1","European","2020","1","0.223","0.222","0.341","0.342","0.437","0.436","6504","6452","9947","9919","12759","12659","29210","29030","38517",""
"11","NCEA Level 1","European","2021","1","0.219","0.219","0.337","0.339","0.444","0.441","6389","6358","9858","9832","12981","12794","29228","28984","39509",""
"11","NCEA Level 1","European","2022","1","0.199","0.199","0.33","0.333","0.471","0.468","5764","5692","9530","9490","13610","13351","28904","28533","41473",""
"11","NCEA Level 1","European","2023","1","0.165","0.166","0.328","0.331","0.507","0.504","4766","4722","9469","9423","14619","14345","28854","28490","42949",""
"11","NCEA Level 1","European","2024","1","0.108","0.109","0.293","0.295","0.598","0.596","2395","2362","6473","6414","13207","12948","22075","21724","43071",""
"11","NCEA Level 1","Pacific Peoples","2015","1","0.065","0.065","0.26","0.26","0.676","0.675","311","309","1247","1245","3246","3226","4804","4780","7201",""
"11","NCEA Level 1","Pacific Peoples","2016","1","0.075","0.075","0.25","0.251","0.675","0.674","369","369","1236","1235","3337","3310","4942","4914","7395",""
"11","NCEA Level 1","Pacific Peoples","2017","1","0.076","0.076","0.258","0.259","0.666","0.665","379","376","1286","1283","3313","3293","4978","4952","7423",""
"11","NCEA Level 1","Pacific Peoples","2018","1","0.077","0.077","0.279","0.28","0.644","0.643","358","356","1289","1286","2976","2954","4623","4596","7365",""
"11","NCEA Level 1","Pacific Peoples","2019","1","0.067","0.067","0.269","0.27","0.663","0.663","318","316","1270","1267","3126","3112","4714","4695","7622",""
"11","NCEA Level 1","Pacific Peoples","2020","1","0.086","0.086","0.282","0.282","0.632","0.632","449","446","1466","1461","3291","3278","5206","5185","7639",""
"11","NCEA Level 1","Pacific Peoples","2021","1","0.099","0.099","0.279","0.28","0.622","0.621","483","481","1361","1357","3038","3007","4882","4845","7842",""
"11","NCEA Level 1","Pacific Peoples","2022","1","0.084","0.085","0.267","0.268","0.649","0.647","399","398","1268","1263","3080","3047","4747","4708","8387",""
"11","NCEA Level 1","Pacific Peoples","2023","1","0.069","0.069","0.267","0.268","0.663","0.662","326","324","1260","1257","3126","3102","4712","4683","8936",""
"11","NCEA Level 1","Pacific Peoples","2024","1","0.053","0.052","0.215","0.217","0.732","0.731","189","182","763","761","2600","2565","3552","3508","9336",""
"11","NCEA Level 1","Asian","2015","1","0.318","0.317","0.352","0.353","0.33","0.331","1641","1622","1817","1805","1702","1693","5160","5120","6745",""
"11","NCEA Level 1","Asian","2016","1","0.331","0.33","0.358","0.358","0.311","0.311","1779","1764","1925","1915","1671","1663","5375","5342","6917",""
"11","NCEA Level 1","Asian","2017","1","0.309","0.308","0.359","0.36","0.333","0.332","1598","1583","1858","1853","1722","1707","5178","5143","6700",""
"11","NCEA Level 1","Asian","2018","1","0.327","0.326","0.36","0.361","0.313","0.313","1858","1828","2041","2028","1775","1759","5674","5615","7375",""
"11","NCEA Level 1","Asian","2019","1","0.328","0.325","0.37","0.371","0.302","0.303","1851","1830","2091","2088","1708","1705","5650","5623","7644",""
"11","NCEA Level 1","Asian","2020","1","0.337","0.336","0.351","0.352","0.312","0.312","2011","1995","2099","2089","1863","1852","5973","5936","8174",""
"11","NCEA Level 1","Asian","2021","1","0.366","0.363","0.334","0.336","0.3","0.301","2087","2054","1905","1899","1712","1701","5704","5654","8143",""
"11","NCEA Level 1","Asian","2022","1","0.331","0.329","0.35","0.351","0.319","0.319","1963","1938","2080","2067","1893","1880","5936","5885","9004",""
"11","NCEA Level 1","Asian","2023","1","0.298","0.298","0.348","0.352","0.354","0.351","1929","1905","2257","2250","2297","2246","6483","6401","10898",""
"11","NCEA Level 1","Asian","2024","1","0.193","0.193","0.347","0.348","0.461","0.46","975","963","1753","1740","2330","2299","5058","5002","12594",""
"11","NCEA Level 1","Middle Eastern/Latin American/African","2015","1","0.148","0.148","0.38","0.381","0.472","0.471","120","119","308","307","382","380","810","806","1065",""
"11","NCEA Level 1","Middle Eastern/Latin American/African","2016","1","0.17","0.168","0.355","0.354","0.475","0.478","145","143","303","301","406","406","854","850","1147",""
"11","NCEA Level 1","Middle Eastern/Latin American/African","2017","1","0.18","0.178","0.32","0.321","0.501","0.501","150","148","267","267","418","416","835","831","1091",""
"11","NCEA Level 1","Middle Eastern/Latin American/African","2018","1","0.203","0.201","0.36","0.362","0.437","0.437","170","168","302","302","367","365","839","835","1134",""
"11","NCEA Level 1","Middle Eastern/Latin American/African","2019","1","0.192","0.19","0.357","0.357","0.451","0.453","165","162","307","305","388","387","860","854","1274",""
"11","NCEA Level 1","Middle Eastern/Latin American/African","2020","1","0.204","0.202","0.319","0.319","0.478","0.479","200","198","313","312","469","468","982","978","1357",""
"11","NCEA Level 1","Middle Eastern/Latin American/African","2021","1","0.235","0.231","0.323","0.325","0.441","0.444","223","218","306","306","418","418","947","942","1384",""
"11","NCEA Level 1","Middle Eastern/Latin American/African","2022","1","0.166","0.166","0.359","0.362","0.475","0.473","152","151","330","329","436","430","918","910","1497",""
"11","NCEA Level 1","Middle Eastern/Latin American/African","2023","1","0.177","0.178","0.339","0.339","0.483","0.483","173","172","331","327","471","467","975","966","1620",""
"11","NCEA Level 1","Middle Eastern/Latin American/African","2024","1","0.094","0.094","0.351","0.352","0.554","0.553","69","69","258","258","407","405","734","732","1790",""
"11","NCEA Level 2","Maori","2015","0","0.041","0.043","0.058","0.059","0.901","0.898","14","14","20","19","310","291","344","324","14702",""
"11","NCEA Level 2","Maori","2016","0","0.093","0.098","0.08","0.082","0.827","0.82","37","36","32","30","329","301","398","367","15052",""
"11","NCEA Level 2","Maori","2017","0","0.066","0.066","0.139","0.136","0.795","0.799","28","27","59","56","338","329","425","412","14410",""
"11","NCEA Level 2","Maori","2018","0","0.087","0.091","0.15","0.15","0.763","0.759","26","26","45","43","229","217","300","286","14410",""
"11","NCEA Level 2","Maori","2019","0","0.109","0.113","0.191","0.203","0.7","0.683","36","34","63","61","231","205","330","300","14804",""
"11","NCEA Level 2","Maori","2020","0","0.067","0.061","0.164","0.164","0.769","0.775","31","27","76","73","357","344","464","444","15035",""
"11","NCEA Level 2","Maori","2021","0","0.072","0.077","0.154","0.153","0.774","0.77","36","35","77","70","387","352","500","457","15930",""
"11","NCEA Level 2","Maori","2022","0","0.122","0.131","0.141","0.152","0.737","0.718","58","56","67","65","350","308","475","429","16717",""
"11","NCEA Level 2","Maori","2023","0","0.172","0.181","0.137","0.144","0.691","0.675","97","97","77","77","389","362","563","536","17473",""
"11","NCEA Level 2","Maori","2024","0","0.201","0.204","0.19","0.192","0.609","0.603","96","85","91","80","291","251","478","416","17905",""
"11","NCEA Level 2","European","2015","0","0.188","0.197","0.087","0.091","0.725","0.712","91","91","42","42","350","329","483","462","38358",""
"11","NCEA Level 2","European","2016","0","0.174","0.18","0.07","0.073","0.756","0.746","87","86","35","35","377","356","499","477","38515",""
"11","NCEA Level 2","European","2017","0","0.192","0.197","0.104","0.099","0.704","0.704","105","103","57","52","385","368","547","523","37821",""
"11","NCEA Level 2","European","2018","0","0.216","0.22","0.267","0.273","0.518","0.507","80","79","99","98","192","182","371","359","37571",""
"11","NCEA Level 2","European","2019","0","0.23","0.233","0.256","0.26","0.514","0.506","99","95","110","106","221","206","430","407","38879",""
"11","NCEA Level 2","European","2020","0","0.143","0.146","0.241","0.235","0.616","0.619","83","82","140","132","357","348","580","562","38517",""
"11","NCEA Level 2","European","2021","0","0.167","0.164","0.239","0.245","0.594","0.591","99","95","142","142","353","342","594","579","39509",""
"11","NCEA Level 2","European","2022","0","0.157","0.161","0.196","0.207","0.647","0.632","98","95","122","122","403","373","623","590","41473",""
"11","NCEA Level 2","European","2023","0","0.143","0.148","0.22","0.224","0.637","0.628","73","73","112","110","324","309","509","492","42949",""
"11","NCEA Level 2","European","2024","0","0.182","0.189","0.187","0.196","0.63","0.615","75","74","77","77","259","241","411","392","43071",""
"11","NCEA Level 2","Pacific Peoples","2015","0","0.044","0.045","0.067","0.068","0.889","0.886","2","2","3","3","40","39","45","44","7201",""
"11","NCEA Level 2","Pacific Peoples","2016","0","0.02","0.021","0.02","0.021","0.96","0.958","1","1","1","1","48","46","50","48","7395",""
"11","NCEA Level 2","Pacific Peoples","2017","0","0.058","0.064","0.077","0.064","0.865","0.872","3","3","4","3","45","41","52","47","7423",""
"11","NCEA Level 2","Pacific Peoples","2018","0","0.061","0.071","0.242","0.25","0.697","0.679","2","2","8","7","23","19","33","28","7365",""
"11","NCEA Level 2","Pacific Peoples","2019","0","0.037","0.038","0.259","0.269","0.704","0.692","1","1","7","7","19","18","27","26","7622",""
"11","NCEA Level 2","Pacific Peoples","2020","0","0.027","0.027","0.16","0.151","0.813","0.822","2","2","12","11","61","60","75","73","7639",""
"11","NCEA Level 2","Pacific Peoples","2021","0","0.094","0.097","0.141","0.145","0.766","0.758","6","6","9","9","49","47","64","62","7842",""
"11","NCEA Level 2","Pacific Peoples","2022","0","0.091","0.081","0.121","0.129","0.788","0.79","6","5","8","8","52","49","66","62","8387",""
"11","NCEA Level 2","Pacific Peoples","2023","0","0.058","0.06","0.174","0.179","0.768","0.761","4","4","12","12","53","51","69","67","8936",""
"11","NCEA Level 2","Pacific Peoples","2024","0","0.247","0.247","0.2","0.198","0.553","0.556","21","20","17","16","47","45","85","81","9336",""
"11","NCEA Level 2","Asian","2015","0","0.433","0.435","0.134","0.137","0.433","0.427","55","54","17","17","55","53","127","124","6745",""
"11","NCEA Level 2","Asian","2016","0","0.504","0.509","0.124","0.116","0.372","0.375","57","57","14","13","42","42","113","112","6917",""
"11","NCEA Level 2","Asian","2017","0","0.452","0.455","0.105","0.098","0.444","0.447","56","56","13","12","55","55","124","123","6700",""
"11","NCEA Level 2","Asian","2018","0","0.482","0.486","0.355","0.35","0.163","0.164","68","68","50","49","23","23","141","140","7375",""
"11","NCEA Level 2","Asian","2019","0","0.417","0.409","0.409","0.427","0.174","0.164","48","45","47","47","20","18","115","110","7644",""
"11","NCEA Level 2","Asian","2020","0","0.361","0.356","0.361","0.368","0.277","0.276","60","58","60","60","46","45","166","163","8174",""
"11","NCEA Level 2","Asian","2021","0","0.462","0.464","0.28","0.29","0.259","0.246","66","64","40","40","37","34","143","138","8143",""
"11","NCEA Level 2","Asian","2022","0","0.491","0.491","0.329","0.333","0.18","0.176","79","78","53","53","29","28","161","159","9004",""
"11","NCEA Level 2","Asian","2023","0","0.391","0.4","0.32","0.32","0.289","0.28","50","50","41","40","37","35","128","125","10898",""
"11","NCEA Level 2","Asian","2024","0","0.411","0.401","0.288","0.296","0.301","0.303","60","57","42","42","44","43","146","142","12594",""
"11","NCEA Level 2","Middle Eastern/Latin American/African","2015","0","0.091","0.091","0.182","0.182","0.727","0.727","1","1","2","2","8","8","11","11","1065",""
"11","NCEA Level 2","Middle Eastern/Latin American/African","2016","0","0.25","0.25","0.25","0.25","0.5","0.5","2","2","2","2","4","4","8","8","1147",""
"11","NCEA Level 2","Middle Eastern/Latin American/African","2017","0","0.2","0.2","0.2","0.2","0.6","0.6","2","2","2","2","6","6","10","10","1091",""
"11","NCEA Level 2","Middle Eastern/Latin American/African","2018","0","0.4","0.4","0.6","0.6","0","0","2","2","3","3","0","0","5","5","1134",""
"11","NCEA Level 2","Middle Eastern/Latin American/African","2019","0","0.222","0.222","0.444","0.444","0.333","0.333","2","2","4","4","3","3","9","9","1274",""
"11","NCEA Level 2","Middle Eastern/Latin American/African","2020","0","0.4","0.4","0.267","0.267","0.333","0.333","6","6","4","4","5","5","15","15","1357",""
"11","NCEA Level 2","Middle Eastern/Latin American/African","2021","0","0.25","0.25","0.5","0.5","0.25","0.25","4","4","8","8","4","4","16","16","1384",""
"11","NCEA Level 2","Middle Eastern/Latin American/African","2022","0","0.111","0.111","0.444","0.444","0.444","0.444","2","2","8","8","8","8","18","18","1497",""
"11","NCEA Level 2","Middle Eastern/Latin American/African","2023","0","0.4","0.4","0.1","0.1","0.5","0.5","4","4","1","1","5","5","10","10","1620",""
"11","NCEA Level 2","Middle Eastern/Latin American/African","2024","0","0.364","0.4","0.273","0.3","0.364","0.3","4","4","3","3","4","3","11","10","1790",""
"11","NCEA Level 3","Maori","2015","0","0.05","0.1","0","0","0.95","0.9","1","1","0","0","19","9","20","10","14702",""
"11","NCEA Level 3","Maori","2016","0","0.214","0.25","0.143","0.125","0.643","0.625","6","6","4","3","18","15","28","24","15052",""
"11","NCEA Level 3","Maori","2017","0","0.339","0.339","0.161","0.161","0.5","0.5","21","21","10","10","31","31","62","62","14410",""
"11","NCEA Level 3","Maori","2018","0","0.182","0.204","0.109","0.122","0.709","0.673","10","10","6","6","39","33","55","49","14410",""
"11","NCEA Level 3","Maori","2019","0","0.283","0.333","0.283","0.378","0.433","0.289","17","15","17","17","26","13","60","45","14804",""
"11","NCEA Level 3","Maori","2020","0","0.111","0.079","0.042","0.032","0.847","0.889","8","5","3","2","61","56","72","63","15035",""
"11","NCEA Level 3","Maori","2021","0","0.114","0.132","0.076","0.088","0.81","0.779","9","9","6","6","64","53","79","68","15930",""
"11","NCEA Level 3","Maori","2022","0","0.423","0.5","0.115","0.136","0.462","0.364","22","22","6","6","24","16","52","44","16717",""
"11","NCEA Level 3","Maori","2023","0","0.553","0.507","0.145","0.159","0.303","0.333","42","35","11","11","23","23","76","69","17473",""
"11","NCEA Level 3","Maori","2024","0","0.456","0.473","0.272","0.304","0.272","0.223","62","53","37","34","37","25","136","112","17905",""
"11","NCEA Level 3","European","2015","0","0.063","0.067","0.063","0.067","0.875","0.867","1","1","1","1","14","13","16","15","38358",""
"11","NCEA Level 3","European","2016","0","0.105","0.143","0.053","0.071","0.842","0.786","2","2","1","1","16","11","19","14","38515",""
"11","NCEA Level 3","European","2017","0","0.105","0.118","0.053","0.059","0.842","0.824","2","2","1","1","16","14","19","17","37821",""
"11","NCEA Level 3","European","2018","0","0.286","0.333","0","0","0.714","0.667","2","2","0","0","5","4","7","6","37571",""
"11","NCEA Level 3","European","2019","0","0.3","0.3","0.2","0.2","0.5","0.5","6","6","4","4","10","10","20","20","38879",""
"11","NCEA Level 3","European","2020","0","0.167","0.143","0.208","0.19","0.625","0.667","4","3","5","4","15","14","24","21","38517",""
"11","NCEA Level 3","European","2021","0","0.071","0","0.357","0.444","0.571","0.556","1","0","5","4","8","5","14","9","39509",""
"11","NCEA Level 3","European","2022","0","0.208","0.2","0","0","0.792","0.8","5","4","0","0","19","16","24","20","41473",""
"11","NCEA Level 3","European","2023","0","0.389","0.353","0.111","0.118","0.5","0.529","7","6","2","2","9","9","18","17","42949",""
"11","NCEA Level 3","European","2024","0","0.243","0.25","0.108","0.125","0.649","0.625","9","8","4","4","24","20","37","32","43071",""
"11","NCEA Level 3","Pacific Peoples","2015","0","0","0","0","0","1","1","0","0","0","0","2","2","2","2","7201",""
"11","NCEA Level 3","Pacific Peoples","2016","0","0","0","0","0","1","1","0","0","0","0","5","5","5","5","7395",""
"11","NCEA Level 3","Pacific Peoples","2017","0","0.25","0.25","0","0","0.75","0.75","1","1","0","0","3","3","4","4","7423",""
"11","NCEA Level 3","Pacific Peoples","2018","0","0","0","0","0","1","1","0","0","0","0","1","1","1","1","7365",""
"11","NCEA Level 3","Pacific Peoples","2019","0","0","0","0","0","0","0","0","0","0","0","0","0","0","0","7622",""
"11","NCEA Level 3","Pacific Peoples","2020","0","0","0","0.5","0.5","0.5","0.5","0","0","1","1","1","1","2","2","7639",""
"11","NCEA Level 3","Pacific Peoples","2021","0","0","0","0.333","0.333","0.667","0.667","0","0","1","1","2","2","3","3","7842",""
"11","NCEA Level 3","Pacific Peoples","2022","0","0.857","1","0","0","0.143","0","6","6","0","0","1","0","7","6","8387",""
"11","NCEA Level 3","Pacific Peoples","2023","0","0.8","0.75","0","0","0.2","0.25","4","3","0","0","1","1","5","4","8936",""
"11","NCEA Level 3","Pacific Peoples","2024","0","0.387","0.367","0.452","0.467","0.161","0.167","12","11","14","14","5","5","31","30","9336",""
"11","NCEA Level 3","Asian","2015","0","0","0","1","1","0","0","0","0","2","1","0","0","2","1","6745",""
"11","NCEA Level 3","Asian","2016","0","0","0","0","0","1","1","0","0","0","0","1","1","1","1","6917",""
"11","NCEA Level 3","Asian","2017","0","0","0","0","0","0","0","0","0","0","0","0","0","0","0","6700",""
"11","NCEA Level 3","Asian","2018","0","1","1","0","0","0","0","1","1","0","0","0","0","1","1","7375",""
"11","NCEA Level 3","Asian","2019","0","0.25","0.25","0.25","0.25","0.5","0.5","1","1","1","1","2","2","4","4","7644",""
"11","NCEA Level 3","Asian","2020","0","0.667","0.5","0","0","0.333","0.5","2","1","0","0","1","1","3","2","8174",""
"11","NCEA Level 3","Asian","2021","0","0.429","0.4","0","0","0.571","0.6","3","2","0","0","4","3","7","5","8143",""
"11","NCEA Level 3","Asian","2022","0","0.25","0.333","0.25","0.333","0.5","0.333","1","1","1","1","2","1","4","3","9004",""
"11","NCEA Level 3","Asian","2023","0","0.667","1","0","0","0.333","0","2","1","0","0","1","0","3","1","10898",""
"11","NCEA Level 3","Asian","2024","0","0.625","0.714","0.125","0.143","0.25","0.143","5","5","1","1","2","1","8","7","12594",""
"11","NCEA Level 3","Middle Eastern/Latin American/African","2015","0","1","1","0","0","0","0","1","1","0","0","0","0","1","1","1065",""
"11","NCEA Level 3","Middle Eastern/Latin American/African","2016","0","0","0","0","0","0","0","0","0","0","0","0","0","0","0","1147",""
"11","NCEA Level 3","Middle Eastern/Latin American/African","2017","0","0","0","0","0","0","0","0","0","0","0","0","0","0","0","1091",""
"11","NCEA Level 3","Middle Eastern/Latin American/African","2018","0","0","0","1","1","0","0","0","0","1","1","0","0","1","1","1134",""
"11","NCEA Level 3","Middle Eastern/Latin American/African","2019","0","0","0","0","0","0","0","0","0","0","0","0","0","0","0","1274",""
"11","NCEA Level 3","Middle Eastern/Latin American/African","2020","0","0","0","0","0","0","0","0","0","0","0","0","0","0","0","1357",""
"11","NCEA Level 3","Middle Eastern/Latin American/African","2021","0","0","0","0","0","0","0","0","0","0","0","0","0","0","0","1384",""
"11","NCEA Level 3","Middle Eastern/Latin American/African","2022","0","0","0","0","0","0","0","0","0","0","0","0","0","0","0","1497",""
"11","NCEA Level 3","Middle Eastern/Latin American/African","2023","0","0","0","0","0","0","0","0","0","0","0","0","0","0","0","1620",""
"11","NCEA Level 3","Middle Eastern/Latin American/African","2024","0","1","1","0","0","0","0","2","2","0","0","0","0","2","2","1790",""
"11","University Entrance","Maori","2015","0","0","0","0","0","0","0","0","0","0","0","0","0","4","3","14702",""
"11","University Entrance","Maori","2016","0","0","0","0","0","0","0","0","0","0","0","0","0","3","2","15052",""
"11","University Entrance","Maori","2017","0","0","0","0","0","0","0","0","0","0","0","0","0","3","3","14410",""
"11","University Entrance","Maori","2018","0","0","0","0","0","0","0","0","0","0","0","0","0","2","2","14410",""
"11","University Entrance","Maori","2019","0","0","0","0","0","0","0","0","0","0","0","0","0","2","2","14804",""
"11","University Entrance","Maori","2020","0","0","0","0","0","0","0","0","0","0","0","0","0","0","0","15035",""
"11","University Entrance","Maori","2021","0","0","0","0","0","0","0","0","0","0","0","0","0","5","5","15930",""
"11","University Entrance","Maori","2022","0","0","0","0","0","0","0","0","0","0","0","0","0","9","9","16717",""
"11","University Entrance","Maori","2023","0","0","0","0","0","0","0","0","0","0","0","0","0","4","4","17473",""
"11","University Entrance","Maori","2024","0","0","0","0","0","0","0","0","0","0","0","0","0","5","5","17905",""
"11","University Entrance","European","2015","0","0","0","0","0","0","0","0","0","0","0","0","0","3","3","38358",""
"11","University Entrance","European","2016","0","0","0","0","0","0","0","0","0","0","0","0","0","4","4","38515",""
"11","University Entrance","European","2017","0","0","0","0","0","0","0","0","0","0","0","0","0","4","4","37821",""
"11","University Entrance","European","2018","0","0","0","0","0","0","0","0","0","0","0","0","0","1","1","37571",""
"11","University Entrance","European","2019","0","0","0","0","0","0","0","0","0","0","0","0","0","13","13","38879",""
"11","University Entrance","European","2020","0","0","0","0","0","0","0","0","0","0","0","0","0","11","10","38517",""
"11","University Entrance","European","2021","0","0","0","0","0","0","0","0","0","0","0","0","0","6","3","39509",""
"11","University Entrance","European","2022","0","0","0","0","0","0","0","0","0","0","0","0","0","5","4","41473",""
"11","University Entrance","European","2023","0","0","0","0","0","0","0","0","0","0","0","0","0","6","6","42949",""
"11","University Entrance","European","2024","0","0","0","0","0","0","0","0","0","0","0","0","0","1","1","43071",""
"11","University Entrance","Pacific Peoples","2015","0","0","0","0","0","0","0","0","0","0","0","0","0","0","0","7201",""
"11","University Entrance","Pacific Peoples","2016","0","0","0","0","0","0","0","0","0","0","0","0","0","0","0","7395",""
"11","University Entrance","Pacific Peoples","2017","0","0","0","0","0","0","0","0","0","0","0","0","0","0","0","7423",""
"11","University Entrance","Pacific Peoples","2018","0","0","0","0","0","0","0","0","0","0","0","0","0","0","0","7365",""
"11","University Entrance","Pacific Peoples","2019","0","0","0","0","0","0","0","0","0","0","0","0","0","0","0","7622",""
"11","University Entrance","Pacific Peoples","2020","0","0","0","0","0","0","0","0","0","0","0","0","0","1","1","7639",""
"11","University Entrance","Pacific Peoples","2021","0","0","0","0","0","0","0","0","0","0","0","0","0","0","0","7842",""
"11","University Entrance","Pacific Peoples","2022","0","0","0","0","0","0","0","0","0","0","0","0","0","2","2","8387",""
"11","University Entrance","Pacific Peoples","2023","0","0","0","0","0","0","0","0","0","0","0","0","0","0","0","8936",""
"11","University Entrance","Pacific Peoples","2024","0","0","0","0","0","0","0","0","0","0","0","0","0","0","0","9336",""
"11","University Entrance","Asian","2015","0","0","0","0","0","0","0","0","0","0","0","0","0","2","1","6745",""
"11","University Entrance","Asian","2016","0","0","0","0","0","0","0","0","0","0","0","0","0","0","0","6917",""
"11","University Entrance","Asian","2017","0","0","0","0","0","0","0","0","0","0","0","0","0","0","0","6700",""
"11","University Entrance","Asian","2018","0","0","0","0","0","0","0","0","0","0","0","0","0","1","1","7375",""
"11","University Entrance","Asian","2019","0","0","0","0","0","0","0","0","0","0","0","0","0","3","3","7644",""
"11","University Entrance","Asian","2020","0","0","0","0","0","0","0","0","0","0","0","0","0","3","2","8174",""
"11","University Entrance","Asian","2021","0","0","0","0","0","0","0","0","0","0","0","0","0","4","2","8143",""
"11","University Entrance","Asian","2022","0","0","0","0","0","0","0","0","0","0","0","0","0","1","1","9004",""
"11","University Entrance","Asian","2023","0","0","0","0","0","0","0","0","0","0","0","0","0","1","0","10898",""
"11","University Entrance","Asian","2024","0","0","0","0","0","0","0","0","0","0","0","0","0","1","1","12594",""
"11","University Entrance","Middle Eastern/Latin American/African","2015","0","0","0","0","0","0","0","0","0","0","0","0","0","1","1","1065",""
"11","University Entrance","Middle Eastern/Latin American/African","2016","0","0","0","0","0","0","0","0","0","0","0","0","0","0","0","1147",""
"11","University Entrance","Middle Eastern/Latin American/African","2017","0","0","0","0","0","0","0","0","0","0","0","0","0","0","0","1091",""
"11","University Entrance","Middle Eastern/Latin American/African","2018","0","0","0","0","0","0","0","0","0","0","0","0","0","1","1","1134",""
"11","University Entrance","Middle Eastern/Latin American/African","2019","0","0","0","0","0","0","0","0","0","0","0","0","0","0","0","1274",""
"11","University Entrance","Middle Eastern/Latin American/African","2020","0","0","0","0","0","0","0","0","0","0","0","0","0","0","0","1357",""
"11","University Entrance","Middle Eastern/Latin American/African","2021","0","0","0","0","0","0","0","0","0","0","0","0","0","0","0","1384",""
"11","University Entrance","Middle Eastern/Latin American/African","2022","0","0","0","0","0","0","0","0","0","0","0","0","0","0","0","1497",""
"11","University Entrance","Middle Eastern/Latin American/African","2023","0","0","0","0","0","0","0","0","0","0","0","0","0","0","0","1620",""
"11","University Entrance","Middle Eastern/Latin American/African","2024","0","0","0","0","0","0","0","0","0","0","0","0","0","0","0","1790",""
"12","NCEA Level 1","Maori","2015","0","0.067","0.01","0.222","0.058","0.711","0.933","670","19","2212","112","7102","1816","9984","1947","11895",""
"12","NCEA Level 1","Maori","2016","0","0.073","0.007","0.229","0.049","0.698","0.944","787","13","2466","93","7513","1785","10766","1891","12567",""
"12","NCEA Level 1","Maori","2017","0","0.082","0.003","0.23","0.061","0.688","0.937","903","5","2541","108","7598","1672","11042","1785","12916",""
"12","NCEA Level 1","Maori","2018","0","0.085","0.014","0.238","0.067","0.677","0.919","883","23","2475","109","7054","1488","10412","1620","12183",""
"12","NCEA Level 1","Maori","2019","0","0.087","0.01","0.236","0.089","0.677","0.901","878","19","2389","165","6840","1670","10107","1854","12044",""
"12","NCEA Level 1","Maori","2020","0","0.096","0.003","0.341","0.093","0.562","0.905","1000","5","3550","180","5847","1753","10397","1938","12457",""
"12","NCEA Level 1","Maori","2021","0","0.086","0.003","0.213","0.075","0.7","0.922","926","6","2295","135","7532","1661","10753","1802","12953",""
"12","NCEA Level 1","Maori","2022","0","0.093","0.008","0.221","0.09","0.685","0.902","993","13","2354","151","7287","1505","10634","1669","13312",""
"12","NCEA Level 1","Maori","2023","0","0.088","0.036","0.212","0.112","0.699","0.852","962","76","2309","235","7612","1787","10883","2098","13607",""
"12","NCEA Level 1","Maori","2024","0","0.082","0.04","0.209","0.113","0.709","0.847","914","90","2329","254","7883","1911","11126","2255","14324",""
"12","NCEA Level 1","European","2015","0","0.183","0.023","0.337","0.087","0.48","0.89","5899","67","10859","253","15454","2589","32212","2909","35501",""
"12","NCEA Level 1","European","2016","0","0.191","0.027","0.329","0.099","0.479","0.874","6383","79","10995","295","15994","2600","33372","2974","36470",""
"12","NCEA Level 1","European","2017","0","0.201","0.004","0.334","0.068","0.464","0.928","6718","11","11143","183","15480","2507","33341","2701","36358",""
"12","NCEA Level 1","European","2018","0","0.208","0.036","0.336","0.115","0.456","0.848","6814","103","10993","326","14917","2401","32724","2830","35685",""
"12","NCEA Level 1","European","2019","0","0.21","0.042","0.335","0.142","0.455","0.816","6746","140","10781","469","14608","2693","32135","3302","35383",""
"12","NCEA Level 1","European","2020","0","0.21","0.013","0.43","0.141","0.359","0.847","6941","47","14198","528","11848","3179","32987","3754","36378",""
"12","NCEA Level 1","European","2021","0","0.2","0.016","0.29","0.109","0.51","0.874","6527","66","9489","438","16685","3502","32701","4006","36301",""
"12","NCEA Level 1","European","2022","0","0.197","0.014","0.302","0.132","0.501","0.855","6414","54","9862","526","16347","3409","32623","3989","36658",""
"12","NCEA Level 1","European","2023","0","0.188","0.109","0.304","0.221","0.508","0.67","6315","570","10185","1152","17058","3489","33558","5211","38113",""
"12","NCEA Level 1","European","2024","0","0.159","0.116","0.304","0.221","0.537","0.663","5442","692","10417","1321","18402","3954","34261","5967","39398",""
"12","NCEA Level 1","Pacific Peoples","2015","0","0.048","0.003","0.204","0.069","0.748","0.928","267","4","1137","88","4160","1190","5564","1282","6383",""
"12","NCEA Level 1","Pacific Peoples","2016","0","0.054","0.004","0.225","0.081","0.721","0.915","316","5","1323","93","4242","1052","5881","1150","6683",""
"12","NCEA Level 1","Pacific Peoples","2017","0","0.06","0.003","0.214","0.054","0.726","0.944","368","3","1300","63","4417","1103","6085","1169","6894",""
"12","NCEA Level 1","Pacific Peoples","2018","0","0.064","0.005","0.225","0.07","0.711","0.926","384","5","1349","75","4269","998","6002","1078","6874",""
"12","NCEA Level 1","Pacific Peoples","2019","0","0.067","0.013","0.242","0.106","0.692","0.881","393","16","1419","133","4062","1107","5874","1256","6770",""
"12","NCEA Level 1","Pacific Peoples","2020","0","0.074","0.005","0.368","0.109","0.558","0.886","447","6","2240","143","3393","1157","6080","1306","6954",""
"12","NCEA Level 1","Pacific Peoples","2021","0","0.073","0.005","0.23","0.098","0.697","0.897","452","5","1414","97","4290","889","6156","991","7137",""
"12","NCEA Level 1","Pacific Peoples","2022","0","0.081","0.004","0.225","0.076","0.694","0.921","487","4","1348","82","4161","999","5996","1085","7296",""
"12","NCEA Level 1","Pacific Peoples","2023","0","0.071","0.025","0.213","0.115","0.716","0.86","438","34","1314","160","4410","1192","6162","1386","7559",""
"12","NCEA Level 1","Pacific Peoples","2024","0","0.058","0.028","0.224","0.142","0.718","0.83","375","48","1446","241","4642","1414","6463","1703","8212",""
"12","NCEA Level 1","Asian","2015","0","0.267","0.035","0.334","0.151","0.399","0.813","1423","23","1784","99","2131","532","5338","654","6449",""
"12","NCEA Level 1","Asian","2016","0","0.289","0.057","0.34","0.234","0.371","0.709","1677","36","1970","148","2155","448","5802","632","6921",""
"12","NCEA Level 1","Asian","2017","0","0.297","0.013","0.334","0.129","0.37","0.858","1782","8","2001","81","2217","539","6000","628","7086",""
"12","NCEA Level 1","Asian","2018","0","0.282","0.069","0.342","0.208","0.376","0.723","1635","43","1985","130","2181","451","5801","624","6847",""
"12","NCEA Level 1","Asian","2019","0","0.299","0.073","0.341","0.277","0.36","0.65","1936","57","2205","216","2330","508","6471","781","7553",""
"12","NCEA Level 1","Asian","2020","0","0.301","0.023","0.418","0.194","0.281","0.783","2005","22","2783","189","1875","763","6663","974","7721",""
"12","NCEA Level 1","Asian","2021","0","0.283","0.005","0.28","0.145","0.437","0.85","2015","6","1995","164","3118","963","7128","1133","8191",""
"12","NCEA Level 1","Asian","2022","0","0.302","0.023","0.286","0.163","0.412","0.813","2098","28","1983","196","2855","977","6936","1201","8279",""
"12","NCEA Level 1","Asian","2023","0","0.289","0.153","0.32","0.294","0.392","0.554","2229","266","2470","512","3027","966","7726","1744","9815",""
"12","NCEA Level 1","Asian","2024","0","0.259","0.164","0.318","0.29","0.423","0.546","2325","409","2858","724","3804","1363","8987","2496","11689",""
"12","NCEA Level 1","Middle Eastern/Latin American/African","2015","0","0.148","0.037","0.32","0.162","0.532","0.801","130","5","280","22","466","109","876","136","1041",""
"12","NCEA Level 1","Middle Eastern/Latin American/African","2016","0","0.13","0.021","0.335","0.119","0.534","0.86","122","3","314","17","500","123","936","143","1094",""
"12","NCEA Level 1","Middle Eastern/Latin American/African","2017","0","0.143","0","0.309","0.068","0.548","0.932","143","0","309","11","548","151","1000","162","1156",""
"12","NCEA Level 1","Middle Eastern/Latin American/African","2018","0","0.161","0.053","0.298","0.193","0.541","0.753","157","8","290","29","526","113","973","150","1101",""
"12","NCEA Level 1","Middle Eastern/Latin American/African","2019","0","0.176","0.048","0.323","0.192","0.501","0.76","170","7","313","28","485","111","968","146","1145",""
"12","NCEA Level 1","Middle Eastern/Latin American/African","2020","0","0.184","0.015","0.421","0.162","0.395","0.822","193","3","442","32","415","162","1050","197","1228",""
"12","NCEA Level 1","Middle Eastern/Latin American/African","2021","0","0.173","0","0.255","0.082","0.572","0.918","200","0","294","15","660","169","1154","184","1334",""
"12","NCEA Level 1","Middle Eastern/Latin American/African","2022","0","0.191","0.019","0.279","0.144","0.53","0.837","218","4","319","30","606","175","1143","209","1376",""
"12","NCEA Level 1","Middle Eastern/Latin American/African","2023","0","0.144","0.088","0.318","0.241","0.539","0.67","173","26","382","71","648","197","1203","294","1506",""
"12","NCEA Level 1","Middle Eastern/Latin American/African","2024","0","0.166","0.126","0.287","0.215","0.547","0.658","216","41","372","70","710","214","1298","325","1643",""
"12","NCEA Level 2","Maori","2015","1","0.064","0.066","0.161","0.164","0.774","0.77","515","504","1291","1263","6198","5913","8004","7680","11895",""
"12","NCEA Level 2","Maori","2016","1","0.067","0.069","0.158","0.163","0.774","0.768","601","586","1410","1388","6901","6525","8912","8499","12567",""
"12","NCEA Level 2","Maori","2017","1","0.081","0.081","0.154","0.157","0.765","0.762","739","704","1404","1368","6991","6627","9134","8699","12916",""
"12","NCEA Level 2","Maori","2018","1","0.076","0.076","0.177","0.179","0.747","0.744","634","605","1481","1420","6243","5887","8358","7912","12183",""
"12","NCEA Level 2","Maori","2019","1","0.076","0.074","0.172","0.174","0.752","0.752","627","587","1429","1379","6244","5959","8300","7925","12044",""
"12","NCEA Level 2","Maori","2020","1","0.089","0.085","0.175","0.172","0.736","0.743","795","726","1566","1470","6594","6341","8955","8537","12457",""
"12","NCEA Level 2","Maori","2021","1","0.083","0.084","0.164","0.168","0.753","0.747","735","701","1448","1395","6664","6200","8847","8296","12953",""
"12","NCEA Level 2","Maori","2022","1","0.081","0.082","0.166","0.172","0.753","0.746","689","653","1416","1360","6431","5917","8536","7930","13312",""
"12","NCEA Level 2","Maori","2023","1","0.077","0.076","0.155","0.161","0.768","0.764","676","620","1361","1319","6756","6266","8793","8205","13607",""
"12","NCEA Level 2","Maori","2024","1","0.089","0.084","0.162","0.168","0.75","0.748","831","734","1514","1462","7028","6527","9373","8723","14324",""
"12","NCEA Level 2","European","2015","1","0.17","0.171","0.267","0.27","0.563","0.56","4872","4794","7632","7569","16117","15710","28621","28073","35501",""
"12","NCEA Level 2","European","2016","1","0.18","0.181","0.259","0.263","0.561","0.556","5403","5311","7757","7704","16831","16296","29991","29311","36470",""
"12","NCEA Level 2","European","2017","1","0.182","0.183","0.255","0.259","0.562","0.558","5461","5372","7640","7577","16837","16349","29938","29298","36358",""
"12","NCEA Level 2","European","2018","1","0.185","0.185","0.271","0.275","0.544","0.54","5373","5262","7891","7813","15824","15332","29088","28407","35685",""
"12","NCEA Level 2","European","2019","1","0.184","0.184","0.27","0.274","0.546","0.542","5287","5174","7738","7704","15671","15268","28696","28146","35383",""
"12","NCEA Level 2","European","2020","1","0.196","0.193","0.266","0.269","0.537","0.537","5939","5739","8064","7988","16269","15939","30272","29666","36378",""
"12","NCEA Level 2","European","2021","1","0.19","0.192","0.254","0.258","0.557","0.55","5595","5506","7474","7416","16400","15775","29469","28697","36301",""
"12","NCEA Level 2","European","2022","1","0.176","0.178","0.256","0.261","0.568","0.561","5126","5026","7445","7370","16524","15826","29095","28222","36658",""
"12","NCEA Level 2","European","2023","1","0.156","0.157","0.247","0.252","0.597","0.591","4645","4539","7334","7272","17762","17044","29741","28855","38113",""
"12","NCEA Level 2","European","2024","1","0.158","0.159","0.259","0.263","0.583","0.578","4898","4820","8010","7950","18078","17493","30986","30263","39398",""
"12","NCEA Level 2","Pacific Peoples","2015","1","0.042","0.041","0.142","0.143","0.816","0.816","187","183","635","630","3651","3597","4473","4410","6383",""
"12","NCEA Level 2","Pacific Peoples","2016","1","0.047","0.047","0.155","0.157","0.798","0.796","230","228","761","760","3905","3846","4896","4834","6683",""
"12","NCEA Level 2","Pacific Peoples","2017","1","0.055","0.056","0.146","0.148","0.799","0.796","282","281","743","740","4068","3985","5093","5006","6894",""
"12","NCEA Level 2","Pacific Peoples","2018","1","0.052","0.052","0.17","0.172","0.778","0.777","257","252","843","838","3858","3791","4958","4881","6874",""
"12","NCEA Level 2","Pacific Peoples","2019","1","0.055","0.054","0.161","0.162","0.784","0.784","266","258","776","771","3788","3725","4830","4754","6770",""
"12","NCEA Level 2","Pacific Peoples","2020","1","0.061","0.061","0.173","0.174","0.766","0.765","328","322","927","919","4107","4051","5362","5292","6954",""
"12","NCEA Level 2","Pacific Peoples","2021","1","0.071","0.072","0.175","0.178","0.754","0.75","361","358","894","889","3847","3736","5102","4983","7137",""
"12","NCEA Level 2","Pacific Peoples","2022","1","0.06","0.06","0.158","0.16","0.783","0.78","293","287","773","766","3841","3732","4907","4785","7296",""
"12","NCEA Level 2","Pacific Peoples","2023","1","0.058","0.058","0.153","0.155","0.788","0.787","287","279","754","745","3873","3789","4914","4813","7559",""
"12","NCEA Level 2","Pacific Peoples","2024","1","0.058","0.058","0.184","0.185","0.759","0.757","311","307","994","980","4102","4003","5407","5290","8212",""
"12","NCEA Level 2","Asian","2015","1","0.229","0.225","0.289","0.292","0.482","0.482","1095","1056","1386","1369","2310","2258","4791","4683","6449",""
"12","NCEA Level 2","Asian","2016","1","0.261","0.257","0.291","0.296","0.448","0.447","1386","1330","1549","1533","2384","2318","5319","5181","6921",""
"12","NCEA Level 2","Asian","2017","1","0.262","0.257","0.296","0.301","0.442","0.442","1440","1380","1628","1612","2430","2371","5498","5363","7086",""
"12","NCEA Level 2","Asian","2018","1","0.255","0.251","0.304","0.31","0.441","0.439","1349","1291","1612","1596","2335","2260","5296","5147","6847",""
"12","NCEA Level 2","Asian","2019","1","0.264","0.258","0.295","0.3","0.441","0.442","1562","1485","1744","1728","2606","2540","5912","5753","7553",""
"12","NCEA Level 2","Asian","2020","1","0.281","0.274","0.297","0.299","0.422","0.427","1737","1653","1833","1804","2603","2578","6173","6035","7721",""
"12","NCEA Level 2","Asian","2021","1","0.294","0.293","0.29","0.297","0.416","0.41","1952","1889","1926","1912","2762","2643","6640","6444","8191",""
"12","NCEA Level 2","Asian","2022","1","0.255","0.251","0.295","0.301","0.45","0.448","1603","1533","1858","1833","2835","2730","6296","6096","8279",""
"12","NCEA Level 2","Asian","2023","1","0.232","0.227","0.3","0.307","0.468","0.466","1608","1524","2082","2065","3248","3131","6938","6720","9815",""
"12","NCEA Level 2","Asian","2024","1","0.238","0.236","0.296","0.299","0.466","0.465","1951","1895","2423","2404","3819","3733","8193","8032","11689",""
"12","NCEA Level 2","Middle Eastern/Latin American/African","2015","1","0.155","0.155","0.25","0.251","0.595","0.594","120","118","193","191","459","452","772","761","1041",""
"12","NCEA Level 2","Middle Eastern/Latin American/African","2016","1","0.116","0.118","0.273","0.277","0.611","0.605","96","96","227","226","508","494","831","816","1094",""
"12","NCEA Level 2","Middle Eastern/Latin American/African","2017","1","0.135","0.134","0.257","0.258","0.609","0.607","119","117","227","225","538","529","884","871","1156",""
"12","NCEA Level 2","Middle Eastern/Latin American/African","2018","1","0.14","0.142","0.268","0.271","0.592","0.587","121","120","231","229","511","496","863","845","1101",""
"12","NCEA Level 2","Middle Eastern/Latin American/African","2019","1","0.147","0.147","0.277","0.279","0.576","0.574","127","125","240","238","498","490","865","853","1145",""
"12","NCEA Level 2","Middle Eastern/Latin American/African","2020","1","0.178","0.175","0.253","0.254","0.569","0.571","170","165","241","239","542","538","953","942","1228",""
"12","NCEA Level 2","Middle Eastern/Latin American/African","2021","1","0.172","0.171","0.256","0.261","0.572","0.569","179","174","267","266","595","580","1041","1020","1334",""
"12","NCEA Level 2","Middle Eastern/Latin American/African","2022","1","0.15","0.15","0.265","0.265","0.585","0.585","151","147","267","260","590","574","1008","981","1376",""
"12","NCEA Level 2","Middle Eastern/Latin American/African","2023","1","0.121","0.122","0.252","0.254","0.628","0.625","126","124","263","259","656","637","1045","1020","1506",""
"12","NCEA Level 2","Middle Eastern/Latin American/African","2024","1","0.159","0.159","0.278","0.283","0.562","0.558","182","178","318","317","642","625","1142","1120","1643",""
"12","NCEA Level 3","Maori","2015","0","0.056","0.063","0.073","0.07","0.87","0.867","10","10","13","11","154","137","177","158","11895",""
"12","NCEA Level 3","Maori","2016","0","0.128","0.142","0.056","0.065","0.816","0.794","23","22","10","10","146","123","179","155","12567",""
"12","NCEA Level 3","Maori","2017","0","0.156","0.149","0.096","0.09","0.748","0.761","34","28","21","17","163","143","218","188","12916",""
"12","NCEA Level 3","Maori","2018","0","0.177","0.114","0.199","0.22","0.624","0.667","33","14","37","27","116","82","186","123","12183",""
"12","NCEA Level 3","Maori","2019","0","0.16","0.133","0.17","0.17","0.67","0.696","31","18","33","23","130","94","194","135","12044",""
"12","NCEA Level 3","Maori","2020","0","0.119","0.078","0.165","0.138","0.716","0.783","33","17","46","30","199","170","278","217","12457",""
"12","NCEA Level 3","Maori","2021","0","0.084","0.078","0.091","0.108","0.825","0.815","26","18","28","25","255","189","309","232","12953",""
"12","NCEA Level 3","Maori","2022","0","0.113","0.114","0.109","0.131","0.778","0.755","36","28","35","32","249","185","320","245","13312",""
"12","NCEA Level 3","Maori","2023","0","0.196","0.165","0.114","0.117","0.69","0.718","72","51","42","36","254","222","368","309","13607",""
"12","NCEA Level 3","Maori","2024","0","0.237","0.169","0.157","0.175","0.606","0.656","94","53","62","55","240","206","396","314","14324",""
"12","NCEA Level 3","European","2015","0","0.135","0.138","0.103","0.102","0.762","0.76","38","38","29","28","215","209","282","275","35501",""
"12","NCEA Level 3","European","2016","0","0.211","0.213","0.091","0.088","0.698","0.699","72","70","31","29","238","230","341","329","36470",""
"12","NCEA Level 3","European","2017","0","0.194","0.195","0.086","0.085","0.719","0.721","54","53","24","23","200","196","278","272","36358",""
"12","NCEA Level 3","European","2018","0","0.177","0.177","0.277","0.283","0.547","0.54","55","53","86","85","170","162","311","300","35685",""
"12","NCEA Level 3","European","2019","0","0.201","0.199","0.253","0.264","0.547","0.536","58","55","73","73","158","148","289","276","35383",""
"12","NCEA Level 3","European","2020","0","0.23","0.229","0.18","0.183","0.59","0.588","100","96","78","77","256","247","434","420","36378",""
"12","NCEA Level 3","European","2021","0","0.183","0.184","0.164","0.17","0.653","0.645","85","81","76","75","303","284","464","440","36301",""
"12","NCEA Level 3","European","2022","0","0.144","0.149","0.177","0.177","0.68","0.674","78","78","96","93","369","354","543","525","36658",""
"12","NCEA Level 3","European","2023","0","0.121","0.117","0.17","0.179","0.709","0.704","60","55","84","84","350","330","494","469","38113",""
"12","NCEA Level 3","European","2024","0","0.17","0.164","0.155","0.164","0.675","0.671","79","71","72","71","314","290","465","432","39398",""
"12","NCEA Level 3","Pacific Peoples","2015","0","0.069","0.071","0.069","0.071","0.862","0.857","2","2","2","2","25","24","29","28","6383",""
"12","NCEA Level 3","Pacific Peoples","2016","0","0","0","0","0","1","1","0","0","0","0","26","24","26","24","6683",""
"12","NCEA Level 3","Pacific Peoples","2017","0","0.038","0.043","0.038","0.043","0.923","0.913","1","1","1","1","24","21","26","23","6894",""
"12","NCEA Level 3","Pacific Peoples","2018","0","0.063","0.071","0.188","0.143","0.75","0.786","1","1","3","2","12","11","16","14","6874",""
"12","NCEA Level 3","Pacific Peoples","2019","0","0.038","0.048","0.154","0.19","0.808","0.762","1","1","4","4","21","16","26","21","6770",""
"12","NCEA Level 3","Pacific Peoples","2020","0","0.024","0.024","0.195","0.195","0.78","0.78","1","1","8","8","32","32","41","41","6954",""
"12","NCEA Level 3","Pacific Peoples","2021","0","0.056","0.063","0.074","0.083","0.87","0.854","3","3","4","4","47","41","54","48","7137",""
"12","NCEA Level 3","Pacific Peoples","2022","0","0.02","0.021","0.059","0.043","0.922","0.936","1","1","3","2","47","44","51","47","7296",""
"12","NCEA Level 3","Pacific Peoples","2023","0","0.196","0.114","0.059","0.068","0.745","0.818","10","5","3","3","38","36","51","44","7559",""
"12","NCEA Level 3","Pacific Peoples","2024","0","0.12","0.075","0.253","0.284","0.627","0.642","9","5","19","19","47","43","75","67","8212",""
"12","NCEA Level 3","Asian","2015","0","0.406","0.387","0.063","0.065","0.531","0.548","26","24","4","4","34","34","64","62","6449",""
"12","NCEA Level 3","Asian","2016","0","0.4","0.392","0.138","0.139","0.463","0.468","32","31","11","11","37","37","80","79","6921",""
"12","NCEA Level 3","Asian","2017","0","0.464","0.476","0.131","0.134","0.405","0.39","39","39","11","11","34","32","84","82","7086",""
"12","NCEA Level 3","Asian","2018","0","0.434","0.45","0.386","0.375","0.181","0.175","36","36","32","30","15","14","83","80","6847",""
"12","NCEA Level 3","Asian","2019","0","0.535","0.535","0.267","0.267","0.198","0.198","54","54","27","27","20","20","101","101","7553",""
"12","NCEA Level 3","Asian","2020","0","0.444","0.441","0.307","0.309","0.248","0.25","68","67","47","47","38","38","153","152","7721",""
"12","NCEA Level 3","Asian","2021","0","0.418","0.422","0.26","0.267","0.321","0.31","82","79","51","50","63","58","196","187","8191",""
"12","NCEA Level 3","Asian","2022","0","0.324","0.321","0.271","0.279","0.406","0.4","55","53","46","46","69","66","170","165","8279",""
"12","NCEA Level 3","Asian","2023","0","0.403","0.413","0.231","0.23","0.366","0.357","54","52","31","29","49","45","134","126","9815",""
"12","NCEA Level 3","Asian","2024","0","0.34","0.336","0.245","0.245","0.415","0.42","50","48","36","35","61","60","147","143","11689",""
"12","NCEA Level 3","Middle Eastern/Latin American/African","2015","0","0.167","0.167","0","0","0.833","0.833","1","1","0","0","5","5","6","6","1041",""
"12","NCEA Level 3","Middle Eastern/Latin American/African","2016","0","0","0","0","0","1","1","0","0","0","0","3","3","3","3","1094",""
"12","NCEA Level 3","Middle Eastern/Latin American/African","2017","0","0.143","0.143","0.143","0.143","0.714","0.714","1","1","1","1","5","5","7","7","1156",""
"12","NCEA Level 3","Middle Eastern/Latin American/African","2018","0","0.167","0.167","0.333","0.333","0.5","0.5","1","1","2","2","3","3","6","6","1101",""
"12","NCEA Level 3","Middle Eastern/Latin American/African","2019","0","0","0","0.4","0.4","0.6","0.6","0","0","2","2","3","3","5","5","1145",""
"12","NCEA Level 3","Middle Eastern/Latin American/African","2020","0","0.167","0.167","0.5","0.5","0.333","0.333","1","1","3","3","2","2","6","6","1228",""
"12","NCEA Level 3","Middle Eastern/Latin American/African","2021","0","0.429","0.429","0.214","0.214","0.357","0.357","6","6","3","3","5","5","14","14","1334",""
"12","NCEA Level 3","Middle Eastern/Latin American/African","2022","0","0.133","0.133","0.333","0.333","0.533","0.533","2","2","5","5","8","8","15","15","1376",""
"12","NCEA Level 3","Middle Eastern/Latin American/African","2023","0","0","0","0.385","0.385","0.615","0.615","0","0","5","5","8","8","13","13","1506",""
"12","NCEA Level 3","Middle Eastern/Latin American/African","2024","0","0.167","0.176","0.222","0.176","0.611","0.647","3","3","4","3","11","11","18","17","1643",""
"12","University Entrance","Maori","2015","0","0","0","0","0","0","0","0","0","0","0","0","0","23","22","11895",""
"12","University Entrance","Maori","2016","0","0","0","0","0","0","0","0","0","0","0","0","0","49","44","12567",""
"12","University Entrance","Maori","2017","0","0","0","0","0","0","0","0","0","0","0","0","0","31","27","12916",""
"12","University Entrance","Maori","2018","0","0","0","0","0","0","0","0","0","0","0","0","0","31","29","12183",""
"12","University Entrance","Maori","2019","0","0","0","0","0","0","0","0","0","0","0","0","0","34","32","12044",""
"12","University Entrance","Maori","2020","0","0","0","0","0","0","0","0","0","0","0","0","0","38","37","12457",""
"12","University Entrance","Maori","2021","0","0","0","0","0","0","0","0","0","0","0","0","0","33","32","12953",""
"12","University Entrance","Maori","2022","0","0","0","0","0","0","0","0","0","0","0","0","0","57","54","13312",""
"12","University Entrance","Maori","2023","0","0","0","0","0","0","0","0","0","0","0","0","0","46","37","13607",""
"12","University Entrance","Maori","2024","0","0","0","0","0","0","0","0","0","0","0","0","0","46","42","14324",""
"12","University Entrance","European","2015","0","0","0","0","0","0","0","0","0","0","0","0","0","199","194","35501",""
"12","University Entrance","European","2016","0","0","0","0","0","0","0","0","0","0","0","0","0","248","243","36470",""
"12","University Entrance","European","2017","0","0","0","0","0","0","0","0","0","0","0","0","0","174","171","36358",""
"12","University Entrance","European","2018","0","0","0","0","0","0","0","0","0","0","0","0","0","183","177","35685",""
"12","University Entrance","European","2019","0","0","0","0","0","0","0","0","0","0","0","0","0","176","172","35383",""
"12","University Entrance","European","2020","0","0","0","0","0","0","0","0","0","0","0","0","0","212","207","36378",""
"12","University Entrance","European","2021","0","0","0","0","0","0","0","0","0","0","0","0","0","194","188","36301",""
"12","University Entrance","European","2022","0","0","0","0","0","0","0","0","0","0","0","0","0","207","203","36658",""
"12","University Entrance","European","2023","0","0","0","0","0","0","0","0","0","0","0","0","0","181","177","38113",""
"12","University Entrance","European","2024","0","0","0","0","0","0","0","0","0","0","0","0","0","183","177","39398",""
"12","University Entrance","Pacific Peoples","2015","0","0","0","0","0","0","0","0","0","0","0","0","0","9","8","6383",""
"12","University Entrance","Pacific Peoples","2016","0","0","0","0","0","0","0","0","0","0","0","0","0","7","7","6683",""
"12","University Entrance","Pacific Peoples","2017","0","0","0","0","0","0","0","0","0","0","0","0","0","0","0","6894",""
"12","University Entrance","Pacific Peoples","2018","0","0","0","0","0","0","0","0","0","0","0","0","0","4","3","6874",""
"12","University Entrance","Pacific Peoples","2019","0","0","0","0","0","0","0","0","0","0","0","0","0","5","5","6770",""
"12","University Entrance","Pacific Peoples","2020","0","0","0","0","0","0","0","0","0","0","0","0","0","9","9","6954",""
"12","University Entrance","Pacific Peoples","2021","0","0","0","0","0","0","0","0","0","0","0","0","0","7","7","7137",""
"12","University Entrance","Pacific Peoples","2022","0","0","0","0","0","0","0","0","0","0","0","0","0","6","6","7296",""
"12","University Entrance","Pacific Peoples","2023","0","0","0","0","0","0","0","0","0","0","0","0","0","11","9","7559",""
"12","University Entrance","Pacific Peoples","2024","0","0","0","0","0","0","0","0","0","0","0","0","0","11","11","8212",""
"12","University Entrance","Asian","2015","0","0","0","0","0","0","0","0","0","0","0","0","0","77","74","6449",""
"12","University Entrance","Asian","2016","0","0","0","0","0","0","0","0","0","0","0","0","0","90","89","6921",""
"12","University Entrance","Asian","2017","0","0","0","0","0","0","0","0","0","0","0","0","0","78","77","7086",""
"12","University Entrance","Asian","2018","0","0","0","0","0","0","0","0","0","0","0","0","0","71","68","6847",""
"12","University Entrance","Asian","2019","0","0","0","0","0","0","0","0","0","0","0","0","0","84","84","7553",""
"12","University Entrance","Asian","2020","0","0","0","0","0","0","0","0","0","0","0","0","0","96","95","7721",""
"12","University Entrance","Asian","2021","0","0","0","0","0","0","0","0","0","0","0","0","0","143","138","8191",""
"12","University Entrance","Asian","2022","0","0","0","0","0","0","0","0","0","0","0","0","0","101","99","8279",""
"12","University Entrance","Asian","2023","0","0","0","0","0","0","0","0","0","0","0","0","0","98","95","9815",""
"12","University Entrance","Asian","2024","0","0","0","0","0","0","0","0","0","0","0","0","0","92","91","11689",""
"12","University Entrance","Middle Eastern/Latin American/African","2015","0","0","0","0","0","0","0","0","0","0","0","0","0","2","2","1041",""
"12","University Entrance","Middle Eastern/Latin American/African","2016","0","0","0","0","0","0","0","0","0","0","0","0","0","7","7","1094",""
"12","University Entrance","Middle Eastern/Latin American/African","2017","0","0","0","0","0","0","0","0","0","0","0","0","0","4","4","1156",""
"12","University Entrance","Middle Eastern/Latin American/African","2018","0","0","0","0","0","0","0","0","0","0","0","0","0","5","5","1101",""
"12","University Entrance","Middle Eastern/Latin American/African","2019","0","0","0","0","0","0","0","0","0","0","0","0","0","3","3","1145",""
"12","University Entrance","Middle Eastern/Latin American/African","2020","0","0","0","0","0","0","0","0","0","0","0","0","0","4","4","1228",""
"12","University Entrance","Middle Eastern/Latin American/African","2021","0","0","0","0","0","0","0","0","0","0","0","0","0","11","11","1334",""
"12","University Entrance","Middle Eastern/Latin American/African","2022","0","0","0","0","0","0","0","0","0","0","0","0","0","7","7","1376",""
"12","University Entrance","Middle Eastern/Latin American/African","2023","0","0","0","0","0","0","0","0","0","0","0","0","0","8","8","1506",""
"12","University Entrance","Middle Eastern/Latin American/African","2024","0","0","0","0","0","0","0","0","0","0","0","0","0","8","7","1643",""
"13","NCEA Level 1","Maori","2015","0","0.073","0.011","0.236","0.043","0.692","0.946","615","4","1999","15","5868","332","8482","351","9436",""
"13","NCEA Level 1","Maori","2016","0","0.078","0.018","0.251","0.055","0.672","0.926","673","5","2174","15","5822","252","8669","272","9547",""
"13","NCEA Level 1","Maori","2017","0","0.087","0.008","0.259","0.05","0.653","0.941","790","2","2354","12","5928","224","9072","238","9887",""
"13","NCEA Level 1","Maori","2018","0","0.099","0.014","0.263","0.045","0.638","0.941","890","3","2368","10","5731","209","8989","222","9743",""
"13","NCEA Level 1","Maori","2019","0","0.103","0.013","0.282","0.084","0.615","0.903","878","3","2399","20","5226","214","8503","237","9225",""
"13","NCEA Level 1","Maori","2020","0","0.106","0.013","0.31","0.038","0.585","0.95","886","3","2590","9","4891","228","8367","240","9220",""
"13","NCEA Level 1","Maori","2021","0","0.095","0.008","0.259","0.054","0.646","0.938","826","2","2251","13","5611","225","8688","240","9651",""
"13","NCEA Level 1","Maori","2022","0","0.109","0.005","0.248","0.062","0.642","0.933","922","1","2092","13","5410","195","8424","209","9357",""
"13","NCEA Level 1","Maori","2023","0","0.118","0.062","0.257","0.085","0.625","0.853","981","16","2143","22","5203","220","8327","258","9345",""
"13","NCEA Level 1","Maori","2024","0","0.107","0.038","0.239","0.102","0.654","0.86","950","10","2126","27","5820","228","8896","265","10089",""
"13","NCEA Level 1","European","2015","0","0.191","0.046","0.364","0.153","0.445","0.801","5554","22","10576","73","12920","382","29050","477","31172",""
"13","NCEA Level 1","European","2016","0","0.206","0.026","0.369","0.162","0.425","0.811","5896","13","10579","80","12170","400","28645","493","30728",""
"13","NCEA Level 1","European","2017","0","0.215","0.009","0.362","0.067","0.422","0.924","6278","4","10564","31","12301","428","29143","463","31014",""
"13","NCEA Level 1","European","2018","0","0.234","0.054","0.369","0.134","0.397","0.812","6606","22","10414","55","11215","332","28235","409","30083",""
"13","NCEA Level 1","European","2019","0","0.239","0.04","0.377","0.205","0.384","0.755","6647","17","10495","87","10664","320","27806","424","29563",""
"13","NCEA Level 1","European","2020","0","0.242","0.014","0.396","0.074","0.362","0.912","6678","7","10956","38","10000","468","27634","513","29550",""
"13","NCEA Level 1","European","2021","0","0.218","0.005","0.351","0.066","0.43","0.93","6216","2","9999","29","12255","411","28470","442","30604",""
"13","NCEA Level 1","European","2022","0","0.236","0.012","0.324","0.101","0.44","0.886","6369","5","8753","41","11903","358","27025","404","29214",""
"13","NCEA Level 1","European","2023","0","0.233","0.07","0.336","0.126","0.431","0.803","6224","34","8998","61","11542","388","26764","483","28950",""
"13","NCEA Level 1","European","2024","0","0.215","0.049","0.329","0.167","0.456","0.784","6114","28","9346","95","12964","447","28424","570","31077",""
"13","NCEA Level 1","Pacific Peoples","2015","0","0.04","0.004","0.201","0.105","0.759","0.892","210","1","1052","29","3982","247","5244","277","5663",""
"13","NCEA Level 1","Pacific Peoples","2016","0","0.05","0.013","0.216","0.084","0.734","0.902","266","3","1156","19","3929","203","5351","225","5707",""
"13","NCEA Level 1","Pacific Peoples","2017","0","0.057","0","0.238","0.051","0.705","0.949","313","0","1307","9","3879","169","5499","178","5857",""
"13","NCEA Level 1","Pacific Peoples","2018","0","0.065","0.021","0.229","0.073","0.706","0.907","367","4","1281","14","3958","175","5606","193","5949",""
"13","NCEA Level 1","Pacific Peoples","2019","0","0.072","0.027","0.259","0.115","0.67","0.857","395","5","1426","21","3689","156","5510","182","5867",""
"13","NCEA Level 1","Pacific Peoples","2020","0","0.074","0.005","0.322","0.077","0.604","0.919","405","1","1770","17","3319","203","5494","221","5838",""
"13","NCEA Level 1","Pacific Peoples","2021","0","0.058","0.011","0.235","0.053","0.708","0.937","334","2","1355","10","4089","177","5778","189","6176",""
"13","NCEA Level 1","Pacific Peoples","2022","0","0.079","0","0.241","0.032","0.68","0.968","445","0","1356","6","3831","180","5632","186","6047",""
"13","NCEA Level 1","Pacific Peoples","2023","0","0.089","0.03","0.237","0.117","0.673","0.852","500","8","1325","31","3762","225","5587","264","6067",""
"13","NCEA Level 1","Pacific Peoples","2024","0","0.077","0.01","0.219","0.119","0.705","0.871","447","3","1275","35","4112","256","5834","294","6471",""
"13","NCEA Level 1","Asian","2015","0","0.266","0.048","0.324","0.182","0.409","0.77","1447","9","1762","34","2223","144","5432","187","6404",""
"13","NCEA Level 1","Asian","2016","0","0.262","0.051","0.336","0.267","0.402","0.682","1436","11","1847","58","2208","148","5491","217","6379",""
"13","NCEA Level 1","Asian","2017","0","0.286","0","0.336","0.074","0.378","0.926","1670","0","1963","13","2212","163","5845","176","6785",""
"13","NCEA Level 1","Asian","2018","0","0.296","0.034","0.337","0.234","0.367","0.732","1773","7","2018","48","2199","150","5990","205","6900",""
"13","NCEA Level 1","Asian","2019","0","0.282","0.058","0.351","0.251","0.366","0.691","1639","12","2039","52","2125","143","5803","207","6658",""
"13","NCEA Level 1","Asian","2020","0","0.297","0.015","0.367","0.075","0.335","0.91","1941","4","2397","20","2190","244","6528","268","7284",""
"13","NCEA Level 1","Asian","2021","0","0.273","0.006","0.324","0.036","0.402","0.958","1834","1","2177","6","2699","161","6710","168","7541",""
"13","NCEA Level 1","Asian","2022","0","0.282","0.013","0.281","0.151","0.438","0.836","1988","2","1981","24","3091","133","7060","159","7921",""
"13","NCEA Level 1","Asian","2023","0","0.3","0.082","0.29","0.245","0.41","0.673","2087","27","2014","81","2850","222","6951","330","8133",""
"13","NCEA Level 1","Asian","2024","0","0.272","0.054","0.313","0.272","0.415","0.675","2220","38","2550","193","3380","479","8150","710","9799",""
"13","NCEA Level 1","Middle Eastern/Latin American/African","2015","0","0.14","0.125","0.304","0.15","0.556","0.725","123","5","268","6","490","29","881","40","963",""
"13","NCEA Level 1","Middle Eastern/Latin American/African","2016","0","0.15","0.057","0.319","0.171","0.531","0.771","129","2","275","6","457","27","861","35","988",""
"13","NCEA Level 1","Middle Eastern/Latin American/African","2017","0","0.13","0","0.33","0.04","0.54","0.96","121","0","308","2","503","48","932","50","1037",""
"13","NCEA Level 1","Middle Eastern/Latin American/African","2018","0","0.144","0.036","0.325","0.196","0.53","0.768","140","2","315","11","514","43","969","56","1057",""
"13","NCEA Level 1","Middle Eastern/Latin American/African","2019","0","0.17","0.087","0.324","0.217","0.506","0.696","158","4","301","10","471","32","930","46","1025",""
"13","NCEA Level 1","Middle Eastern/Latin American/African","2020","0","0.167","0.012","0.349","0.062","0.484","0.926","164","1","342","5","474","75","980","81","1083",""
"13","NCEA Level 1","Middle Eastern/Latin American/African","2021","0","0.164","0","0.318","0.083","0.518","0.917","168","0","327","3","532","33","1027","36","1141",""
"13","NCEA Level 1","Middle Eastern/Latin American/African","2022","0","0.177","0","0.264","0.086","0.558","0.914","193","0","288","3","608","32","1089","35","1234",""
"13","NCEA Level 1","Middle Eastern/Latin American/African","2023","0","0.189","0.015","0.296","0.231","0.515","0.754","203","1","318","15","553","49","1074","65","1223",""
"13","NCEA Level 1","Middle Eastern/Latin American/African","2024","0","0.148","0.055","0.318","0.308","0.534","0.637","175","5","377","28","633","58","1185","91","1378",""
"13","NCEA Level 2","Maori","2015","0","0.061","0.007","0.156","0.039","0.783","0.954","480","7","1231","42","6174","1015","7885","1064","9436",""
"13","NCEA Level 2","Maori","2016","0","0.064","0.009","0.164","0.03","0.772","0.96","520","9","1331","29","6274","922","8125","960","9547",""
"13","NCEA Level 2","Maori","2017","0","0.07","0.001","0.166","0.033","0.764","0.966","601","1","1431","29","6590","854","8622","884","9887",""
"13","NCEA Level 2","Maori","2018","0","0.086","0.005","0.164","0.037","0.75","0.957","727","4","1395","28","6369","715","8491","747","9743",""
"13","NCEA Level 2","Maori","2019","0","0.082","0.007","0.181","0.072","0.737","0.921","661","6","1460","61","5942","781","8063","848","9225",""
"13","NCEA Level 2","Maori","2020","0","0.105","0.008","0.283","0.06","0.612","0.932","835","6","2258","48","4877","741","7970","795","9220",""
"13","NCEA Level 2","Maori","2021","0","0.094","0.016","0.156","0.046","0.75","0.938","779","10","1298","29","6225","593","8302","632","9651",""
"13","NCEA Level 2","Maori","2022","0","0.094","0.003","0.158","0.037","0.748","0.96","747","2","1258","22","5944","571","7949","595","9357",""
"13","NCEA Level 2","Maori","2023","0","0.09","0.018","0.161","0.048","0.75","0.935","702","12","1259","32","5875","629","7836","673","9345",""
"13","NCEA Level 2","Maori","2024","0","0.084","0.02","0.151","0.058","0.765","0.922","703","18","1270","51","6440","813","8413","882","10089",""
"13","NCEA Level 2","European","2015","0","0.165","0.02","0.279","0.078","0.556","0.902","4621","35","7807","134","15578","1547","28006","1716","31172",""
"13","NCEA Level 2","European","2016","0","0.178","0.023","0.281","0.093","0.541","0.884","4898","38","7754","152","14937","1453","27589","1643","30728",""
"13","NCEA Level 2","European","2017","0","0.19","0.007","0.274","0.06","0.536","0.933","5365","11","7736","94","15122","1473","28223","1578","31014",""
"13","NCEA Level 2","European","2018","0","0.198","0.023","0.277","0.09","0.525","0.887","5418","33","7574","127","14346","1253","27338","1413","30083",""
"13","NCEA Level 2","European","2019","0","0.202","0.021","0.277","0.103","0.521","0.875","5439","32","7464","156","14040","1322","26943","1510","29563",""
"13","NCEA Level 2","European","2020","0","0.229","0.01","0.384","0.092","0.387","0.898","6141","16","10304","152","10369","1480","26814","1648","29550",""
"13","NCEA Level 2","European","2021","0","0.209","0.016","0.24","0.066","0.551","0.917","5792","20","6633","81","15233","1123","27658","1224","30604",""
"13","NCEA Level 2","European","2022","0","0.212","0.016","0.253","0.074","0.535","0.91","5526","18","6598","84","13966","1029","26090","1131","29214",""
"13","NCEA Level 2","European","2023","0","0.195","0.027","0.256","0.084","0.548","0.889","5053","35","6640","108","14198","1148","25891","1291","28950",""
"13","NCEA Level 2","European","2024","0","0.168","0.022","0.244","0.101","0.587","0.877","4616","39","6701","177","16094","1533","27411","1749","31077",""
"13","NCEA Level 2","Pacific Peoples","2015","0","0.031","0.003","0.135","0.057","0.834","0.94","156","3","673","49","4152","808","4981","860","5663",""
"13","NCEA Level 2","Pacific Peoples","2016","0","0.037","0.005","0.132","0.036","0.831","0.958","188","4","669","28","4226","739","5083","771","5707",""
"13","NCEA Level 2","Pacific Peoples","2017","0","0.044","0","0.147","0.036","0.808","0.964","232","0","777","22","4259","582","5268","604","5857",""
"13","NCEA Level 2","Pacific Peoples","2018","0","0.052","0.005","0.142","0.042","0.806","0.953","281","3","764","27","4334","608","5379","638","5949",""
"13","NCEA Level 2","Pacific Peoples","2019","0","0.054","0.011","0.171","0.064","0.775","0.925","286","7","906","42","4112","603","5304","652","5867",""
"13","NCEA Level 2","Pacific Peoples","2020","0","0.075","0.006","0.286","0.091","0.639","0.903","399","4","1523","66","3400","655","5322","725","5838",""
"13","NCEA Level 2","Pacific Peoples","2021","0","0.058","0.002","0.148","0.056","0.795","0.942","322","1","825","29","4444","487","5591","517","6176",""
"13","NCEA Level 2","Pacific Peoples","2022","0","0.067","0.002","0.152","0.03","0.781","0.969","358","1","808","17","4160","556","5326","574","6047",""
"13","NCEA Level 2","Pacific Peoples","2023","0","0.059","0.011","0.136","0.073","0.804","0.916","315","7","724","46","4274","580","5313","633","6067",""
"13","NCEA Level 2","Pacific Peoples","2024","0","0.054","0.01","0.131","0.062","0.815","0.928","301","9","729","53","4546","799","5576","861","6471",""
"13","NCEA Level 2","Asian","2015","0","0.218","0.028","0.291","0.096","0.49","0.876","1138","12","1516","41","2555","374","5209","427","6404",""
"13","NCEA Level 2","Asian","2016","0","0.209","0.029","0.279","0.157","0.512","0.814","1109","14","1481","77","2715","398","5305","489","6379",""
"13","NCEA Level 2","Asian","2017","0","0.244","0.014","0.283","0.128","0.473","0.858","1378","5","1602","47","2678","314","5658","366","6785",""
"13","NCEA Level 2","Asian","2018","0","0.25","0.039","0.293","0.187","0.457","0.773","1444","16","1695","76","2637","314","5776","406","6900",""
"13","NCEA Level 2","Asian","2019","0","0.243","0.032","0.29","0.151","0.467","0.817","1365","14","1629","66","2618","356","5612","436","6658",""
"13","NCEA Level 2","Asian","2020","0","0.281","0.018","0.382","0.121","0.338","0.862","1776","9","2416","61","2137","436","6329","506","7284",""
"13","NCEA Level 2","Asian","2021","0","0.261","0.008","0.232","0.117","0.507","0.875","1695","3","1507","42","3287","314","6489","359","7541",""
"13","NCEA Level 2","Asian","2022","0","0.282","0.009","0.255","0.08","0.463","0.911","1930","3","1744","26","3164","297","6838","326","7921",""
"13","NCEA Level 2","Asian","2023","0","0.24","0.05","0.261","0.154","0.499","0.796","1616","29","1757","89","3357","461","6730","579","8133",""
"13","NCEA Level 2","Asian","2024","0","0.209","0.041","0.271","0.207","0.52","0.752","1650","44","2140","220","4108","800","7898","1064","9799",""
"13","NCEA Level 2","Middle Eastern/Latin American/African","2015","0","0.128","0.045","0.233","0.114","0.64","0.841","108","4","197","10","542","74","847","88","963",""
"13","NCEA Level 2","Middle Eastern/Latin American/African","2016","0","0.143","0.042","0.238","0.063","0.619","0.895","119","4","198","6","515","85","832","95","988",""
"13","NCEA Level 2","Middle Eastern/Latin American/African","2017","0","0.11","0.022","0.27","0.174","0.62","0.804","99","2","242","16","556","74","897","92","1037",""
"13","NCEA Level 2","Middle Eastern/Latin American/African","2018","0","0.129","0.027","0.254","0.116","0.617","0.857","121","3","239","13","581","96","941","112","1057",""
"13","NCEA Level 2","Middle Eastern/Latin American/African","2019","0","0.142","0.053","0.254","0.149","0.604","0.798","128","5","230","14","546","75","904","94","1025",""
"13","NCEA Level 2","Middle Eastern/Latin American/African","2020","0","0.162","0.014","0.367","0.093","0.471","0.893","155","2","351","13","451","125","957","140","1083",""
"13","NCEA Level 2","Middle Eastern/Latin American/African","2021","0","0.162","0.011","0.212","0.066","0.626","0.923","162","1","213","6","628","84","1003","91","1141",""
"13","NCEA Level 2","Middle Eastern/Latin American/African","2022","0","0.168","0","0.233","0.067","0.6","0.933","176","0","244","5","629","70","1049","75","1234",""
"13","NCEA Level 2","Middle Eastern/Latin American/African","2023","0","0.142","0.018","0.242","0.134","0.616","0.848","147","2","251","15","638","95","1036","112","1223",""
"13","NCEA Level 2","Middle Eastern/Latin American/African","2024","0","0.115","0.025","0.236","0.169","0.648","0.806","132","4","271","27","743","129","1146","160","1378",""
"13","NCEA Level 3","Maori","2015","1","0.072","0.072","0.192","0.199","0.737","0.728","323","307","863","850","3316","3104","4502","4261","9436",""
"13","NCEA Level 3","Maori","2016","1","0.07","0.072","0.185","0.192","0.745","0.737","334","322","888","864","3569","3317","4791","4503","9547",""
"13","NCEA Level 3","Maori","2017","1","0.079","0.078","0.185","0.19","0.736","0.731","412","386","960","942","3826","3617","5198","4945","9887",""
"13","NCEA Level 3","Maori","2018","1","0.084","0.08","0.192","0.196","0.724","0.723","434","394","988","960","3729","3541","5151","4895","9743",""
"13","NCEA Level 3","Maori","2019","1","0.078","0.073","0.18","0.182","0.741","0.745","399","354","916","882","3769","3611","5084","4847","9225",""
"13","NCEA Level 3","Maori","2020","1","0.09","0.086","0.194","0.193","0.716","0.721","503","459","1083","1031","4007","3860","5593","5350","9220",""
"13","NCEA Level 3","Maori","2021","1","0.095","0.095","0.176","0.178","0.729","0.728","538","507","992","952","4118","3899","5648","5358","9651",""
"13","NCEA Level 3","Maori","2022","1","0.086","0.086","0.181","0.188","0.733","0.726","447","423","944","927","3822","3572","5213","4922","9357",""
"13","NCEA Level 3","Maori","2023","1","0.09","0.089","0.175","0.181","0.735","0.73","473","440","921","890","3871","3591","5265","4921","9345",""
"13","NCEA Level 3","Maori","2024","1","0.091","0.083","0.181","0.188","0.728","0.729","541","460","1077","1047","4338","4059","5956","5566","10089",""
"13","NCEA Level 3","European","2015","1","0.15","0.152","0.3","0.307","0.55","0.541","3158","3110","6306","6258","11587","11035","21051","20403","31172",""
"13","NCEA Level 3","European","2016","1","0.161","0.164","0.293","0.299","0.546","0.537","3396","3339","6185","6089","11511","10920","21092","20348","30728",""
"13","NCEA Level 3","European","2017","1","0.17","0.172","0.288","0.293","0.542","0.534","3659","3593","6184","6119","11627","11141","21470","20853","31014",""
"13","NCEA Level 3","European","2018","1","0.162","0.163","0.295","0.299","0.543","0.538","3402","3348","6203","6162","11414","11085","21019","20595","30083",""
"13","NCEA Level 3","European","2019","1","0.163","0.164","0.282","0.286","0.555","0.551","3415","3342","5896","5834","11608","11253","20919","20429","29563",""
"13","NCEA Level 3","European","2020","1","0.192","0.19","0.281","0.284","0.528","0.526","4222","4090","6193","6130","11630","11355","22045","21575","29550",""
"13","NCEA Level 3","European","2021","1","0.187","0.187","0.273","0.277","0.54","0.535","4183","4084","6114","6049","12105","11681","22402","21814","30604",""
"13","NCEA Level 3","European","2022","1","0.163","0.164","0.275","0.279","0.562","0.558","3417","3339","5749","5692","11765","11391","20931","20422","29214",""
"13","NCEA Level 3","European","2023","1","0.142","0.143","0.275","0.281","0.583","0.576","2941","2873","5682","5633","12035","11551","20658","20057","28950",""
"13","NCEA Level 3","European","2024","1","0.144","0.145","0.272","0.276","0.583","0.579","3266","3195","6152","6088","13192","12749","22610","22032","31077",""
"13","NCEA Level 3","Pacific Peoples","2015","1","0.032","0.032","0.148","0.152","0.82","0.816","93","92","436","435","2415","2344","2944","2871","5663",""
"13","NCEA Level 3","Pacific Peoples","2016","1","0.039","0.04","0.156","0.158","0.805","0.802","122","120","482","478","2489","2422","3093","3020","5707",""
"13","NCEA Level 3","Pacific Peoples","2017","1","0.041","0.042","0.15","0.153","0.809","0.805","142","142","518","517","2792","2724","3452","3383","5857",""
"13","NCEA Level 3","Pacific Peoples","2018","1","0.051","0.051","0.133","0.135","0.816","0.815","177","175","467","465","2860","2813","3504","3453","5949",""
"13","NCEA Level 3","Pacific Peoples","2019","1","0.046","0.046","0.145","0.146","0.809","0.808","163","159","512","509","2860","2813","3535","3481","5867",""
"13","NCEA Level 3","Pacific Peoples","2020","1","0.056","0.056","0.168","0.169","0.776","0.775","225","224","675","670","3122","3075","4022","3969","5838",""
"13","NCEA Level 3","Pacific Peoples","2021","1","0.063","0.063","0.153","0.154","0.784","0.783","252","249","614","605","3144","3086","4010","3940","6176",""
"13","NCEA Level 3","Pacific Peoples","2022","1","0.055","0.054","0.135","0.137","0.81","0.809","196","190","486","482","2908","2839","3590","3511","6047",""
"13","NCEA Level 3","Pacific Peoples","2023","1","0.049","0.049","0.14","0.144","0.811","0.807","179","173","514","506","2972","2847","3665","3526","6067",""
"13","NCEA Level 3","Pacific Peoples","2024","1","0.06","0.059","0.154","0.156","0.786","0.786","250","239","646","633","3286","3196","4182","4068","6471",""
"13","NCEA Level 3","Asian","2015","1","0.199","0.198","0.331","0.339","0.47","0.463","848","819","1409","1398","2002","1912","4259","4129","6404",""
"13","NCEA Level 3","Asian","2016","1","0.2","0.2","0.318","0.324","0.482","0.476","879","852","1396","1378","2121","2027","4396","4257","6379",""
"13","NCEA Level 3","Asian","2017","1","0.218","0.219","0.314","0.321","0.468","0.46","1037","1006","1496","1477","2227","2116","4760","4599","6785",""
"13","NCEA Level 3","Asian","2018","1","0.222","0.221","0.319","0.323","0.459","0.456","1082","1049","1550","1535","2233","2164","4865","4748","6900",""
"13","NCEA Level 3","Asian","2019","1","0.202","0.199","0.308","0.314","0.49","0.487","958","919","1460","1447","2326","2245","4744","4611","6658",""
"13","NCEA Level 3","Asian","2020","1","0.253","0.246","0.302","0.306","0.446","0.449","1408","1329","1680","1654","2481","2429","5569","5412","7284",""
"13","NCEA Level 3","Asian","2021","1","0.272","0.273","0.285","0.294","0.442","0.433","1564","1499","1639","1614","2542","2380","5745","5493","7541",""
"13","NCEA Level 3","Asian","2022","1","0.212","0.208","0.295","0.306","0.493","0.486","1233","1154","1720","1696","2873","2691","5826","5541","7921",""
"13","NCEA Level 3","Asian","2023","1","0.186","0.185","0.301","0.309","0.513","0.506","1060","1015","1718","1699","2922","2785","5700","5499","8133",""
"13","NCEA Level 3","Asian","2024","1","0.197","0.196","0.305","0.311","0.499","0.493","1343","1296","2077","2056","3400","3258","6820","6610","9799",""
"13","NCEA Level 3","Middle Eastern/Latin American/African","2015","1","0.119","0.121","0.264","0.269","0.617","0.61","74","73","165","162","385","368","624","603","963",""
"13","NCEA Level 3","Middle Eastern/Latin American/African","2016","1","0.125","0.13","0.294","0.306","0.581","0.564","79","78","185","183","366","337","630","598","988",""
"13","NCEA Level 3","Middle Eastern/Latin American/African","2017","1","0.112","0.115","0.276","0.282","0.612","0.603","75","75","185","183","410","392","670","650","1037",""
"13","NCEA Level 3","Middle Eastern/Latin American/African","2018","1","0.122","0.123","0.249","0.253","0.629","0.624","86","85","175","175","442","432","703","692","1057",""
"13","NCEA Level 3","Middle Eastern/Latin American/African","2019","1","0.129","0.128","0.251","0.259","0.62","0.613","90","87","176","176","434","416","700","679","1025",""
"13","NCEA Level 3","Middle Eastern/Latin American/African","2020","1","0.136","0.139","0.306","0.306","0.557","0.555","108","108","243","238","442","431","793","777","1083",""
"13","NCEA Level 3","Middle Eastern/Latin American/African","2021","1","0.186","0.188","0.259","0.26","0.555","0.552","149","146","208","202","445","428","802","776","1141",""
"13","NCEA Level 3","Middle Eastern/Latin American/African","2022","1","0.132","0.129","0.27","0.273","0.597","0.598","110","103","225","219","497","479","832","801","1234",""
"13","NCEA Level 3","Middle Eastern/Latin American/African","2023","1","0.1","0.102","0.271","0.275","0.628","0.624","82","81","222","219","514","497","818","797","1223",""
"13","NCEA Level 3","Middle Eastern/Latin American/African","2024","1","0.113","0.116","0.245","0.248","0.643","0.637","105","104","228","223","599","573","932","900","1378",""
"13","University Entrance","Maori","2015","1","0","0","0","0","0","0","0","0","0","0","0","0","2620","2568","9436",""
"13","University Entrance","Maori","2016","1","0","0","0","0","0","0","0","0","0","0","0","0","2687","2608","9547",""
"13","University Entrance","Maori","2017","1","0","0","0","0","0","0","0","0","0","0","0","0","2894","2793","9887",""
"13","University Entrance","Maori","2018","1","0","0","0","0","0","0","0","0","0","0","0","0","2850","2794","9743",""
"13","University Entrance","Maori","2019","1","0","0","0","0","0","0","0","0","0","0","0","0","2757","2695","9225",""
"13","University Entrance","Maori","2020","1","0","0","0","0","0","0","0","0","0","0","0","0","3147","3093","9220",""
"13","University Entrance","Maori","2021","1","0","0","0","0","0","0","0","0","0","0","0","0","3061","2996","9651",""
"13","University Entrance","Maori","2022","1","0","0","0","0","0","0","0","0","0","0","0","0","2893","2849","9357",""
"13","University Entrance","Maori","2023","1","0","0","0","0","0","0","0","0","0","0","0","0","2916","2847","9345",""
"13","University Entrance","Maori","2024","1","0","0","0","0","0","0","0","0","0","0","0","0","3221","3146","10089",""
"13","University Entrance","European","2015","1","0","0","0","0","0","0","0","0","0","0","0","0","17096","16730","31172",""
"13","University Entrance","European","2016","1","0","0","0","0","0","0","0","0","0","0","0","0","17074","16563","30728",""
"13","University Entrance","European","2017","1","0","0","0","0","0","0","0","0","0","0","0","0","17059","16600","31014",""
"13","University Entrance","European","2018","1","0","0","0","0","0","0","0","0","0","0","0","0","16545","16263","30083",""
"13","University Entrance","European","2019","1","0","0","0","0","0","0","0","0","0","0","0","0","16293","15981","29563",""
"13","University Entrance","European","2020","1","0","0","0","0","0","0","0","0","0","0","0","0","17427","17144","29550",""
"13","University Entrance","European","2021","1","0","0","0","0","0","0","0","0","0","0","0","0","17515","17155","30604",""
"13","University Entrance","European","2022","1","0","0","0","0","0","0","0","0","0","0","0","0","16373","16087","29214",""
"13","University Entrance","European","2023","1","0","0","0","0","0","0","0","0","0","0","0","0","16058","15796","28950",""
"13","University Entrance","European","2024","1","0","0","0","0","0","0","0","0","0","0","0","0","17280","16972","31077",""
"13","University Entrance","Pacific Peoples","2015","1","0","0","0","0","0","0","0","0","0","0","0","0","1510","1487","5663",""
"13","University Entrance","Pacific Peoples","2016","1","0","0","0","0","0","0","0","0","0","0","0","0","1580","1561","5707",""
"13","University Entrance","Pacific Peoples","2017","1","0","0","0","0","0","0","0","0","0","0","0","0","1716","1698","5857",""
"13","University Entrance","Pacific Peoples","2018","1","0","0","0","0","0","0","0","0","0","0","0","0","1699","1689","5949",""
"13","University Entrance","Pacific Peoples","2019","1","0","0","0","0","0","0","0","0","0","0","0","0","1775","1762","5867",""
"13","University Entrance","Pacific Peoples","2020","1","0","0","0","0","0","0","0","0","0","0","0","0","1969","1955","5838",""
"13","University Entrance","Pacific Peoples","2021","1","0","0","0","0","0","0","0","0","0","0","0","0","2035","2017","6176",""
"13","University Entrance","Pacific Peoples","2022","1","0","0","0","0","0","0","0","0","0","0","0","0","1733","1708","6047",""
"13","University Entrance","Pacific Peoples","2023","1","0","0","0","0","0","0","0","0","0","0","0","0","1809","1775","6067",""
"13","University Entrance","Pacific Peoples","2024","1","0","0","0","0","0","0","0","0","0","0","0","0","2082","2035","6471",""
"13","University Entrance","Asian","2015","1","0","0","0","0","0","0","0","0","0","0","0","0","3681","3588","6404",""
"13","University Entrance","Asian","2016","1","0","0","0","0","0","0","0","0","0","0","0","0","3750","3619","6379",""
"13","University Entrance","Asian","2017","1","0","0","0","0","0","0","0","0","0","0","0","0","4079","3944","6785",""
"13","University Entrance","Asian","2018","1","0","0","0","0","0","0","0","0","0","0","0","0","4148","4058","6900",""
"13","University Entrance","Asian","2019","1","0","0","0","0","0","0","0","0","0","0","0","0","3951","3872","6658",""
"13","University Entrance","Asian","2020","1","0","0","0","0","0","0","0","0","0","0","0","0","4666","4562","7284",""
"13","University Entrance","Asian","2021","1","0","0","0","0","0","0","0","0","0","0","0","0","4783","4639","7541",""
"13","University Entrance","Asian","2022","1","0","0","0","0","0","0","0","0","0","0","0","0","4852","4684","7921",""
"13","University Entrance","Asian","2023","1","0","0","0","0","0","0","0","0","0","0","0","0","4728","4630","8133",""
"13","University Entrance","Asian","2024","1","0","0","0","0","0","0","0","0","0","0","0","0","5673","5527","9799",""
"13","University Entrance","Middle Eastern/Latin American/African","2015","1","0","0","0","0","0","0","0","0","0","0","0","0","506","498","963",""
"13","University Entrance","Middle Eastern/Latin American/African","2016","1","0","0","0","0","0","0","0","0","0","0","0","0","514","494","988",""
"13","University Entrance","Middle Eastern/Latin American/African","2017","1","0","0","0","0","0","0","0","0","0","0","0","0","529","509","1037",""
"13","University Entrance","Middle Eastern/Latin American/African","2018","1","0","0","0","0","0","0","0","0","0","0","0","0","531","526","1057",""
"13","University Entrance","Middle Eastern/Latin American/African","2019","1","0","0","0","0","0","0","0","0","0","0","0","0","533","520","1025",""
"13","University Entrance","Middle Eastern/Latin American/African","2020","1","0","0","0","0","0","0","0","0","0","0","0","0","625","616","1083",""
"13","University Entrance","Middle Eastern/Latin American/African","2021","1","0","0","0","0","0","0","0","0","0","0","0","0","639","623","1141",""
"13","University Entrance","Middle Eastern/Latin American/African","2022","1","0","0","0","0","0","0","0","0","0","0","0","0","634","612","1234",""
"13","University Entrance","Middle Eastern/Latin American/African","2023","1","0","0","0","0","0","0","0","0","0","0","0","0","629","620","1223",""
"13","University Entrance","Middle Eastern/Latin American/African","2024","1","0","0","0","0","0","0","0","0","0","0","0","0","729","710","1378",""
